ISO,scenario,xi_nd
USA,0,1
AFG,0,1
ALB,0,1
DZA,0,1
AGO,0,1
ARG,0,1
ARM,0,1
AUS,0,1
AUT,0,1
AZE,0,1
BHS,0,1
BHR,0,1
BGD,0,1
BRB,0,1
BLR,0,1
BEL,0,1
BLZ,0,1
BEN,0,1
BTN,0,1
BOL,0,1
BIH,0,1
BWA,0,1
BRA,0,1
BRN,0,1
BGR,0,1
BFA,0,1
BDI,0,1
CPV,0,1
KHM,0,1
CMR,0,1
CAN,0,1
CAF,0,1
TCD,0,1
CHL,0,1
CHN,0,1
COL,0,1
COM,0,1
COD,0,1
COG,0,1
CRI,0,1
CIV,0,1
HRV,0,1
CUB,0,1
CYP,0,1
CZE,0,1
DNK,0,1
DJI,0,1
DOM,0,1
ECU,0,1
EGY,0,1
SLV,0,1
GNQ,0,1
ERI,0,1
EST,0,1
SWZ,0,1
ETH,0,1
FJI,0,1
FIN,0,1
FRA,0,1
GUF,0,1
PYF,0,1
GAB,0,1
GEO,0,1
DEU,0,1
GHA,0,1
GRC,0,1
GUM,0,1
GTM,0,1
GIN,0,1
GNB,0,1
GUY,0,1
HTI,0,1
HND,0,1
HUN,0,1
ISL,0,1
IND,0,1
IDN,0,1
IRN,0,1
IRQ,0,1
IRL,0,1
ISR,0,1
ITA,0,1
JAM,0,1
JPN,0,1
JOR,0,1
KAZ,0,1
KEN,0,1
PRK,0,1
KOR,0,1
KWT,0,1
KGZ,0,1
LAO,0,1
LVA,0,1
LBN,0,1
LSO,0,1
LBR,0,1
LBY,0,1
LTU,0,1
LUX,0,1
MDG,0,1
MWI,0,1
MYS,0,1
MDV,0,1
MLI,0,1
MLT,0,1
MRT,0,1
MUS,0,1
MEX,0,1
MNG,0,1
MNE,0,1
MAR,0,1
MOZ,0,1
MMR,0,1
NAM,0,1
NPL,0,1
NZL,0,1
NIC,0,1
NER,0,1
NGA,0,1
MKD,0,1
NOR,0,1
OMN,0,1
PAK,0,1
PAN,0,1
PNG,0,1
PRY,0,1
PER,0,1
PHL,0,1
POL,0,1
PRT,0,1
QAT,0,1
MDA,0,0
ROU,0,1
RUS,0,1
RWA,0,1
LCA,0,1
WSM,0,1
STP,0,1
SAU,0,1
SEN,0,1
SRB,0,1
SLE,0,1
SGP,0,1
SVK,0,1
SVN,0,1
SLB,0,1
SOM,0,1
ZAF,0,1
SSD,0,1
ESP,0,1
LKA,0,1
SDN,0,1
SUR,0,1
SWE,0,1
CHE,0,1
SYR,0,1
TJK,0,1
TZA,0,1
THA,0,1
NLD,0,1
GMB,0,1
TLS,0,1
TGO,0,1
TTO,0,1
TUN,0,1
TUR,0,1
TKM,0,1
UGA,0,1
UKR,0,1
ARE,0,1
GBR,0,1
URY,0,1
UZB,0,1
VUT,0,1
VEN,0,1
VNM,0,1
YEM,0,1
ZMB,0,1
ZWE,0,1
USA,1,1
AFG,1,1
ALB,1,1
DZA,1,1
AGO,1,1
ARG,1,1
ARM,1,1
AUS,1,1
AUT,1,1
AZE,1,1
BHS,1,1
BHR,1,1
BGD,1,1
BRB,1,1
BLR,1,1
BEL,1,1
BLZ,1,1
BEN,1,1
BTN,1,1
BOL,1,1
BIH,1,1
BWA,1,1
BRA,1,1
BRN,1,1
BGR,1,1
BFA,1,1
BDI,1,1
CPV,1,1
KHM,1,1
CMR,1,1
CAN,1,1
CAF,1,1
TCD,1,1
CHL,1,1
CHN,1,1
COL,1,1
COM,1,1
COD,1,1
COG,1,1
CRI,1,1
CIV,1,1
HRV,1,1
CUB,1,1
CYP,1,1
CZE,1,1
DNK,1,1
DJI,1,1
DOM,1,1
ECU,1,1
EGY,1,1
SLV,1,1
GNQ,1,1
ERI,1,1
EST,1,1
SWZ,1,1
ETH,1,1
FJI,1,1
FIN,1,1
FRA,1,1
GUF,1,1
PYF,1,1
GAB,1,1
GEO,1,1
DEU,1,1
GHA,1,1
GRC,1,1
GUM,1,1
GTM,1,1
GIN,1,1
GNB,1,1
GUY,1,1
HTI,1,1
HND,1,1
HUN,1,1
ISL,1,1
IND,1,1
IDN,1,1
IRN,1,1
IRQ,1,1
IRL,1,1
ISR,1,1
ITA,1,1
JAM,1,1
JPN,1,1
JOR,1,1
KAZ,1,1
KEN,1,1
PRK,1,1
KOR,1,1
KWT,1,1
KGZ,1,1
LAO,1,1
LVA,1,1
LBN,1,1
LSO,1,1
LBR,1,1
LBY,1,1
LTU,1,1
LUX,1,1
MDG,1,1
MWI,1,1
MYS,1,1
MDV,1,1
MLI,1,1
MLT,1,1
MRT,1,1
MUS,1,1
MEX,1,1
MNG,1,0
MNE,1,1
MAR,1,1
MOZ,1,1
MMR,1,1
NAM,1,1
NPL,1,1
NZL,1,1
NIC,1,1
NER,1,1
NGA,1,1
MKD,1,1
NOR,1,1
OMN,1,1
PAK,1,1
PAN,1,1
PNG,1,1
PRY,1,1
PER,1,1
PHL,1,1
POL,1,1
PRT,1,1
QAT,1,1
MDA,1,1
ROU,1,1
RUS,1,1
RWA,1,1
LCA,1,1
WSM,1,1
STP,1,1
SAU,1,1
SEN,1,1
SRB,1,1
SLE,1,1
SGP,1,1
SVK,1,1
SVN,1,1
SLB,1,1
SOM,1,1
ZAF,1,1
SSD,1,1
ESP,1,1
LKA,1,1
SDN,1,1
SUR,1,1
SWE,1,1
CHE,1,1
SYR,1,1
TJK,1,1
TZA,1,1
THA,1,1
NLD,1,1
GMB,1,1
TLS,1,1
TGO,1,1
TTO,1,1
TUN,1,1
TUR,1,1
TKM,1,1
UGA,1,1
UKR,1,1
ARE,1,1
GBR,1,1
URY,1,1
UZB,1,1
VUT,1,1
VEN,1,1
VNM,1,1
YEM,1,1
ZMB,1,1
ZWE,1,1
USA,2,1
AFG,2,1
ALB,2,1
DZA,2,1
AGO,2,1
ARG,2,1
ARM,2,1
AUS,2,1
AUT,2,1
AZE,2,1
BHS,2,1
BHR,2,1
BGD,2,1
BRB,2,1
BLR,2,1
BEL,2,1
BLZ,2,1
BEN,2,1
BTN,2,1
BOL,2,1
BIH,2,1
BWA,2,1
BRA,2,1
BRN,2,1
BGR,2,1
BFA,2,1
BDI,2,1
CPV,2,1
KHM,2,1
CMR,2,1
CAN,2,1
CAF,2,1
TCD,2,1
CHL,2,1
CHN,2,1
COL,2,1
COM,2,1
COD,2,1
COG,2,1
CRI,2,1
CIV,2,1
HRV,2,1
CUB,2,1
CYP,2,1
CZE,2,1
DNK,2,1
DJI,2,1
DOM,2,1
ECU,2,1
EGY,2,1
SLV,2,1
GNQ,2,1
ERI,2,1
EST,2,1
SWZ,2,1
ETH,2,1
FJI,2,1
FIN,2,1
FRA,2,1
GUF,2,1
PYF,2,1
GAB,2,1
GEO,2,1
DEU,2,1
GHA,2,1
GRC,2,1
GUM,2,1
GTM,2,1
GIN,2,1
GNB,2,1
GUY,2,1
HTI,2,1
HND,2,1
HUN,2,1
ISL,2,1
IND,2,1
IDN,2,1
IRN,2,1
IRQ,2,1
IRL,2,1
ISR,2,1
ITA,2,1
JAM,2,1
JPN,2,1
JOR,2,1
KAZ,2,1
KEN,2,1
PRK,2,1
KOR,2,1
KWT,2,1
KGZ,2,1
LAO,2,1
LVA,2,1
LBN,2,1
LSO,2,1
LBR,2,1
LBY,2,1
LTU,2,1
LUX,2,1
MDG,2,1
MWI,2,1
MYS,2,1
MDV,2,1
MLI,2,1
MLT,2,1
MRT,2,1
MUS,2,1
MEX,2,1
MNG,2,1
MNE,2,1
MAR,2,1
MOZ,2,1
MMR,2,1
NAM,2,1
NPL,2,1
NZL,2,1
NIC,2,1
NER,2,1
NGA,2,1
MKD,2,1
NOR,2,1
OMN,2,1
PAK,2,1
PAN,2,1
PNG,2,1
PRY,2,1
PER,2,1
PHL,2,1
POL,2,1
PRT,2,1
QAT,2,1
MDA,2,1
ROU,2,1
RUS,2,1
RWA,2,1
LCA,2,1
WSM,2,1
STP,2,1
SAU,2,1
SEN,2,1
SRB,2,1
SLE,2,1
SGP,2,1
SVK,2,1
SVN,2,1
SLB,2,1
SOM,2,1
ZAF,2,1
SSD,2,1
ESP,2,1
LKA,2,1
SDN,2,1
SUR,2,1
SWE,2,1
CHE,2,1
SYR,2,1
TJK,2,1
TZA,2,1
THA,2,1
NLD,2,1
GMB,2,1
TLS,2,1
TGO,2,1
TTO,2,1
TUN,2,1
TUR,2,1
TKM,2,1
UGA,2,1
UKR,2,1
ARE,2,1
GBR,2,1
URY,2,1
UZB,2,1
VUT,2,1
VEN,2,1
VNM,2,1
YEM,2,1
ZMB,2,1
ZWE,2,1
USA,3,1
AFG,3,1
ALB,3,1
DZA,3,1
AGO,3,1
ARG,3,1
ARM,3,1
AUS,3,1
AUT,3,1
AZE,3,1
BHS,3,1
BHR,3,1
BGD,3,1
BRB,3,1
BLR,3,1
BEL,3,1
BLZ,3,1
BEN,3,1
BTN,3,1
BOL,3,1
BIH,3,1
BWA,3,1
BRA,3,1
BRN,3,1
BGR,3,1
BFA,3,1
BDI,3,1
CPV,3,1
KHM,3,1
CMR,3,1
CAN,3,1
CAF,3,1
TCD,3,1
CHL,3,1
CHN,3,1
COL,3,1
COM,3,1
COD,3,1
COG,3,1
CRI,3,1
CIV,3,1
HRV,3,1
CUB,3,1
CYP,3,1
CZE,3,1
DNK,3,1
DJI,3,1
DOM,3,1
ECU,3,1
EGY,3,1
SLV,3,1
GNQ,3,1
ERI,3,1
EST,3,1
SWZ,3,1
ETH,3,1
FJI,3,1
FIN,3,1
FRA,3,1
GUF,3,1
PYF,3,1
GAB,3,1
GEO,3,1
DEU,3,1
GHA,3,1
GRC,3,1
GUM,3,1
GTM,3,1
GIN,3,1
GNB,3,1
GUY,3,1
HTI,3,1
HND,3,0
HUN,3,1
ISL,3,1
IND,3,1
IDN,3,1
IRN,3,1
IRQ,3,1
IRL,3,1
ISR,3,1
ITA,3,1
JAM,3,1
JPN,3,1
JOR,3,1
KAZ,3,1
KEN,3,1
PRK,3,1
KOR,3,1
KWT,3,1
KGZ,3,1
LAO,3,1
LVA,3,1
LBN,3,1
LSO,3,1
LBR,3,1
LBY,3,1
LTU,3,1
LUX,3,1
MDG,3,1
MWI,3,1
MYS,3,1
MDV,3,1
MLI,3,1
MLT,3,1
MRT,3,1
MUS,3,1
MEX,3,1
MNG,3,1
MNE,3,1
MAR,3,1
MOZ,3,1
MMR,3,1
NAM,3,1
NPL,3,1
NZL,3,1
NIC,3,1
NER,3,1
NGA,3,1
MKD,3,1
NOR,3,1
OMN,3,1
PAK,3,1
PAN,3,1
PNG,3,1
PRY,3,1
PER,3,1
PHL,3,1
POL,3,1
PRT,3,1
QAT,3,1
MDA,3,1
ROU,3,1
RUS,3,1
RWA,3,1
LCA,3,1
WSM,3,1
STP,3,1
SAU,3,1
SEN,3,1
SRB,3,1
SLE,3,1
SGP,3,1
SVK,3,1
SVN,3,1
SLB,3,1
SOM,3,1
ZAF,3,1
SSD,3,1
ESP,3,1
LKA,3,1
SDN,3,1
SUR,3,1
SWE,3,1
CHE,3,1
SYR,3,1
TJK,3,1
TZA,3,1
THA,3,1
NLD,3,1
GMB,3,1
TLS,3,1
TGO,3,1
TTO,3,1
TUN,3,1
TUR,3,1
TKM,3,1
UGA,3,1
UKR,3,1
ARE,3,1
GBR,3,1
URY,3,1
UZB,3,1
VUT,3,1
VEN,3,1
VNM,3,1
YEM,3,1
ZMB,3,1
ZWE,3,1
USA,4,1
AFG,4,1
ALB,4,1
DZA,4,1
AGO,4,1
ARG,4,1
ARM,4,1
AUS,4,1
AUT,4,1
AZE,4,1
BHS,4,1
BHR,4,1
BGD,4,1
BRB,4,1
BLR,4,1
BEL,4,1
BLZ,4,1
BEN,4,1
BTN,4,1
BOL,4,1
BIH,4,1
BWA,4,1
BRA,4,1
BRN,4,1
BGR,4,1
BFA,4,1
BDI,4,1
CPV,4,1
KHM,4,1
CMR,4,1
CAN,4,1
CAF,4,1
TCD,4,1
CHL,4,1
CHN,4,1
COL,4,1
COM,4,1
COD,4,1
COG,4,1
CRI,4,1
CIV,4,1
HRV,4,1
CUB,4,1
CYP,4,1
CZE,4,1
DNK,4,1
DJI,4,1
DOM,4,1
ECU,4,1
EGY,4,1
SLV,4,1
GNQ,4,1
ERI,4,1
EST,4,1
SWZ,4,1
ETH,4,1
FJI,4,1
FIN,4,1
FRA,4,1
GUF,4,1
PYF,4,1
GAB,4,1
GEO,4,1
DEU,4,1
GHA,4,1
GRC,4,1
GUM,4,1
GTM,4,1
GIN,4,1
GNB,4,1
GUY,4,1
HTI,4,1
HND,4,1
HUN,4,1
ISL,4,1
IND,4,1
IDN,4,1
IRN,4,1
IRQ,4,1
IRL,4,1
ISR,4,1
ITA,4,1
JAM,4,1
JPN,4,1
JOR,4,1
KAZ,4,1
KEN,4,1
PRK,4,1
KOR,4,1
KWT,4,1
KGZ,4,1
LAO,4,1
LVA,4,1
LBN,4,1
LSO,4,1
LBR,4,1
LBY,4,1
LTU,4,1
LUX,4,1
MDG,4,1
MWI,4,1
MYS,4,1
MDV,4,1
MLI,4,1
MLT,4,1
MRT,4,1
MUS,4,1
MEX,4,1
MNG,4,1
MNE,4,1
MAR,4,1
MOZ,4,1
MMR,4,1
NAM,4,1
NPL,4,1
NZL,4,1
NIC,4,1
NER,4,1
NGA,4,1
MKD,4,1
NOR,4,1
OMN,4,1
PAK,4,1
PAN,4,1
PNG,4,1
PRY,4,1
PER,4,1
PHL,4,1
POL,4,1
PRT,4,1
QAT,4,1
MDA,4,1
ROU,4,1
RUS,4,1
RWA,4,1
LCA,4,1
WSM,4,1
STP,4,1
SAU,4,1
SEN,4,1
SRB,4,1
SLE,4,1
SGP,4,1
SVK,4,1
SVN,4,1
SLB,4,1
SOM,4,1
ZAF,4,1
SSD,4,1
ESP,4,1
LKA,4,1
SDN,4,1
SUR,4,1
SWE,4,1
CHE,4,1
SYR,4,1
TJK,4,1
TZA,4,1
THA,4,1
NLD,4,1
GMB,4,1
TLS,4,1
TGO,4,1
TTO,4,1
TUN,4,1
TUR,4,1
TKM,4,1
UGA,4,1
UKR,4,1
ARE,4,1
GBR,4,1
URY,4,1
UZB,4,1
VUT,4,1
VEN,4,1
VNM,4,1
YEM,4,1
ZMB,4,1
ZWE,4,1
USA,5,1
AFG,5,1
ALB,5,1
DZA,5,1
AGO,5,1
ARG,5,1
ARM,5,1
AUS,5,1
AUT,5,1
AZE,5,1
BHS,5,1
BHR,5,1
BGD,5,1
BRB,5,1
BLR,5,1
BEL,5,1
BLZ,5,1
BEN,5,1
BTN,5,1
BOL,5,1
BIH,5,1
BWA,5,1
BRA,5,1
BRN,5,1
BGR,5,1
BFA,5,1
BDI,5,1
CPV,5,1
KHM,5,1
CMR,5,1
CAN,5,1
CAF,5,1
TCD,5,1
CHL,5,1
CHN,5,1
COL,5,1
COM,5,1
COD,5,1
COG,5,1
CRI,5,0
CIV,5,1
HRV,5,1
CUB,5,1
CYP,5,1
CZE,5,1
DNK,5,1
DJI,5,1
DOM,5,1
ECU,5,1
EGY,5,1
SLV,5,1
GNQ,5,1
ERI,5,1
EST,5,1
SWZ,5,1
ETH,5,1
FJI,5,1
FIN,5,1
FRA,5,1
GUF,5,1
PYF,5,1
GAB,5,1
GEO,5,1
DEU,5,1
GHA,5,1
GRC,5,1
GUM,5,1
GTM,5,1
GIN,5,1
GNB,5,1
GUY,5,1
HTI,5,1
HND,5,1
HUN,5,1
ISL,5,1
IND,5,1
IDN,5,1
IRN,5,1
IRQ,5,1
IRL,5,1
ISR,5,1
ITA,5,1
JAM,5,1
JPN,5,1
JOR,5,1
KAZ,5,1
KEN,5,1
PRK,5,1
KOR,5,1
KWT,5,1
KGZ,5,1
LAO,5,1
LVA,5,1
LBN,5,1
LSO,5,1
LBR,5,1
LBY,5,1
LTU,5,1
LUX,5,1
MDG,5,1
MWI,5,1
MYS,5,1
MDV,5,1
MLI,5,1
MLT,5,1
MRT,5,1
MUS,5,1
MEX,5,1
MNG,5,1
MNE,5,1
MAR,5,1
MOZ,5,1
MMR,5,1
NAM,5,1
NPL,5,1
NZL,5,1
NIC,5,1
NER,5,1
NGA,5,1
MKD,5,1
NOR,5,1
OMN,5,1
PAK,5,1
PAN,5,1
PNG,5,1
PRY,5,1
PER,5,1
PHL,5,1
POL,5,1
PRT,5,1
QAT,5,1
MDA,5,1
ROU,5,1
RUS,5,1
RWA,5,1
LCA,5,1
WSM,5,1
STP,5,1
SAU,5,1
SEN,5,1
SRB,5,1
SLE,5,1
SGP,5,1
SVK,5,1
SVN,5,1
SLB,5,1
SOM,5,1
ZAF,5,1
SSD,5,1
ESP,5,1
LKA,5,1
SDN,5,1
SUR,5,1
SWE,5,1
CHE,5,1
SYR,5,1
TJK,5,1
TZA,5,1
THA,5,1
NLD,5,1
GMB,5,1
TLS,5,1
TGO,5,1
TTO,5,1
TUN,5,1
TUR,5,1
TKM,5,1
UGA,5,1
UKR,5,1
ARE,5,1
GBR,5,1
URY,5,1
UZB,5,1
VUT,5,1
VEN,5,1
VNM,5,1
YEM,5,1
ZMB,5,1
ZWE,5,1
USA,6,1
AFG,6,1
ALB,6,1
DZA,6,1
AGO,6,1
ARG,6,1
ARM,6,1
AUS,6,1
AUT,6,1
AZE,6,1
BHS,6,1
BHR,6,1
BGD,6,1
BRB,6,1
BLR,6,1
BEL,6,1
BLZ,6,1
BEN,6,1
BTN,6,1
BOL,6,1
BIH,6,1
BWA,6,1
BRA,6,1
BRN,6,1
BGR,6,1
BFA,6,1
BDI,6,1
CPV,6,1
KHM,6,1
CMR,6,1
CAN,6,1
CAF,6,1
TCD,6,1
CHL,6,1
CHN,6,1
COL,6,1
COM,6,0
COD,6,1
COG,6,1
CRI,6,1
CIV,6,1
HRV,6,1
CUB,6,1
CYP,6,1
CZE,6,1
DNK,6,1
DJI,6,1
DOM,6,1
ECU,6,1
EGY,6,1
SLV,6,1
GNQ,6,1
ERI,6,1
EST,6,1
SWZ,6,1
ETH,6,1
FJI,6,1
FIN,6,1
FRA,6,1
GUF,6,1
PYF,6,1
GAB,6,1
GEO,6,1
DEU,6,1
GHA,6,1
GRC,6,1
GUM,6,1
GTM,6,1
GIN,6,1
GNB,6,1
GUY,6,1
HTI,6,1
HND,6,1
HUN,6,1
ISL,6,1
IND,6,1
IDN,6,1
IRN,6,1
IRQ,6,1
IRL,6,1
ISR,6,1
ITA,6,1
JAM,6,1
JPN,6,1
JOR,6,1
KAZ,6,1
KEN,6,1
PRK,6,1
KOR,6,1
KWT,6,1
KGZ,6,1
LAO,6,1
LVA,6,1
LBN,6,1
LSO,6,1
LBR,6,1
LBY,6,1
LTU,6,1
LUX,6,1
MDG,6,1
MWI,6,1
MYS,6,1
MDV,6,1
MLI,6,1
MLT,6,1
MRT,6,1
MUS,6,1
MEX,6,1
MNG,6,1
MNE,6,1
MAR,6,1
MOZ,6,1
MMR,6,1
NAM,6,1
NPL,6,1
NZL,6,1
NIC,6,1
NER,6,1
NGA,6,1
MKD,6,1
NOR,6,1
OMN,6,1
PAK,6,1
PAN,6,1
PNG,6,1
PRY,6,1
PER,6,1
PHL,6,1
POL,6,1
PRT,6,1
QAT,6,1
MDA,6,1
ROU,6,1
RUS,6,1
RWA,6,1
LCA,6,1
WSM,6,1
STP,6,1
SAU,6,1
SEN,6,1
SRB,6,1
SLE,6,1
SGP,6,1
SVK,6,1
SVN,6,1
SLB,6,1
SOM,6,1
ZAF,6,1
SSD,6,1
ESP,6,1
LKA,6,1
SDN,6,1
SUR,6,1
SWE,6,1
CHE,6,1
SYR,6,1
TJK,6,1
TZA,6,1
THA,6,1
NLD,6,1
GMB,6,1
TLS,6,1
TGO,6,1
TTO,6,1
TUN,6,1
TUR,6,1
TKM,6,1
UGA,6,1
UKR,6,1
ARE,6,1
GBR,6,1
URY,6,1
UZB,6,1
VUT,6,1
VEN,6,1
VNM,6,1
YEM,6,1
ZMB,6,1
ZWE,6,1
USA,7,1
AFG,7,1
ALB,7,1
DZA,7,1
AGO,7,1
ARG,7,1
ARM,7,1
AUS,7,1
AUT,7,1
AZE,7,1
BHS,7,1
BHR,7,1
BGD,7,1
BRB,7,1
BLR,7,1
BEL,7,1
BLZ,7,1
BEN,7,1
BTN,7,1
BOL,7,1
BIH,7,1
BWA,7,1
BRA,7,1
BRN,7,1
BGR,7,1
BFA,7,1
BDI,7,1
CPV,7,1
KHM,7,1
CMR,7,1
CAN,7,1
CAF,7,1
TCD,7,1
CHL,7,1
CHN,7,1
COL,7,1
COM,7,1
COD,7,1
COG,7,1
CRI,7,1
CIV,7,1
HRV,7,1
CUB,7,1
CYP,7,1
CZE,7,1
DNK,7,1
DJI,7,1
DOM,7,1
ECU,7,1
EGY,7,1
SLV,7,1
GNQ,7,1
ERI,7,1
EST,7,1
SWZ,7,1
ETH,7,1
FJI,7,1
FIN,7,1
FRA,7,1
GUF,7,1
PYF,7,1
GAB,7,1
GEO,7,1
DEU,7,1
GHA,7,1
GRC,7,1
GUM,7,1
GTM,7,1
GIN,7,1
GNB,7,1
GUY,7,1
HTI,7,1
HND,7,1
HUN,7,1
ISL,7,1
IND,7,1
IDN,7,1
IRN,7,1
IRQ,7,1
IRL,7,1
ISR,7,1
ITA,7,1
JAM,7,1
JPN,7,1
JOR,7,1
KAZ,7,1
KEN,7,1
PRK,7,1
KOR,7,1
KWT,7,1
KGZ,7,1
LAO,7,1
LVA,7,1
LBN,7,1
LSO,7,1
LBR,7,1
LBY,7,1
LTU,7,1
LUX,7,1
MDG,7,1
MWI,7,1
MYS,7,1
MDV,7,1
MLI,7,1
MLT,7,1
MRT,7,1
MUS,7,1
MEX,7,1
MNG,7,1
MNE,7,1
MAR,7,1
MOZ,7,1
MMR,7,1
NAM,7,1
NPL,7,1
NZL,7,1
NIC,7,1
NER,7,1
NGA,7,1
MKD,7,1
NOR,7,1
OMN,7,1
PAK,7,1
PAN,7,1
PNG,7,1
PRY,7,1
PER,7,1
PHL,7,1
POL,7,1
PRT,7,1
QAT,7,1
MDA,7,1
ROU,7,1
RUS,7,1
RWA,7,1
LCA,7,1
WSM,7,1
STP,7,1
SAU,7,1
SEN,7,1
SRB,7,1
SLE,7,1
SGP,7,1
SVK,7,1
SVN,7,1
SLB,7,1
SOM,7,1
ZAF,7,1
SSD,7,1
ESP,7,1
LKA,7,1
SDN,7,1
SUR,7,1
SWE,7,1
CHE,7,1
SYR,7,1
TJK,7,1
TZA,7,1
THA,7,1
NLD,7,1
GMB,7,1
TLS,7,1
TGO,7,1
TTO,7,1
TUN,7,1
TUR,7,1
TKM,7,1
UGA,7,1
UKR,7,1
ARE,7,1
GBR,7,1
URY,7,1
UZB,7,1
VUT,7,1
VEN,7,1
VNM,7,1
YEM,7,1
ZMB,7,1
ZWE,7,1
USA,8,1
AFG,8,1
ALB,8,1
DZA,8,1
AGO,8,1
ARG,8,1
ARM,8,1
AUS,8,1
AUT,8,1
AZE,8,1
BHS,8,1
BHR,8,1
BGD,8,1
BRB,8,1
BLR,8,1
BEL,8,1
BLZ,8,1
BEN,8,1
BTN,8,1
BOL,8,1
BIH,8,1
BWA,8,1
BRA,8,1
BRN,8,1
BGR,8,1
BFA,8,1
BDI,8,1
CPV,8,1
KHM,8,1
CMR,8,1
CAN,8,1
CAF,8,1
TCD,8,1
CHL,8,1
CHN,8,1
COL,8,1
COM,8,1
COD,8,1
COG,8,1
CRI,8,1
CIV,8,1
HRV,8,1
CUB,8,1
CYP,8,1
CZE,8,1
DNK,8,1
DJI,8,1
DOM,8,1
ECU,8,1
EGY,8,1
SLV,8,1
GNQ,8,1
ERI,8,1
EST,8,1
SWZ,8,1
ETH,8,1
FJI,8,1
FIN,8,1
FRA,8,1
GUF,8,1
PYF,8,1
GAB,8,1
GEO,8,1
DEU,8,1
GHA,8,1
GRC,8,1
GUM,8,1
GTM,8,1
GIN,8,1
GNB,8,1
GUY,8,1
HTI,8,1
HND,8,1
HUN,8,1
ISL,8,1
IND,8,1
IDN,8,1
IRN,8,1
IRQ,8,1
IRL,8,1
ISR,8,1
ITA,8,1
JAM,8,1
JPN,8,1
JOR,8,1
KAZ,8,1
KEN,8,1
PRK,8,1
KOR,8,1
KWT,8,1
KGZ,8,1
LAO,8,1
LVA,8,1
LBN,8,1
LSO,8,1
LBR,8,1
LBY,8,1
LTU,8,1
LUX,8,1
MDG,8,1
MWI,8,1
MYS,8,1
MDV,8,1
MLI,8,1
MLT,8,1
MRT,8,1
MUS,8,1
MEX,8,1
MNG,8,1
MNE,8,1
MAR,8,1
MOZ,8,1
MMR,8,1
NAM,8,1
NPL,8,1
NZL,8,1
NIC,8,1
NER,8,1
NGA,8,1
MKD,8,1
NOR,8,1
OMN,8,1
PAK,8,1
PAN,8,1
PNG,8,1
PRY,8,1
PER,8,1
PHL,8,1
POL,8,1
PRT,8,1
QAT,8,1
MDA,8,1
ROU,8,1
RUS,8,1
RWA,8,1
LCA,8,1
WSM,8,1
STP,8,1
SAU,8,1
SEN,8,1
SRB,8,1
SLE,8,1
SGP,8,1
SVK,8,1
SVN,8,1
SLB,8,1
SOM,8,1
ZAF,8,1
SSD,8,1
ESP,8,1
LKA,8,1
SDN,8,1
SUR,8,1
SWE,8,1
CHE,8,1
SYR,8,1
TJK,8,1
TZA,8,1
THA,8,1
NLD,8,1
GMB,8,1
TLS,8,1
TGO,8,1
TTO,8,1
TUN,8,1
TUR,8,1
TKM,8,1
UGA,8,1
UKR,8,1
ARE,8,1
GBR,8,1
URY,8,1
UZB,8,1
VUT,8,1
VEN,8,1
VNM,8,1
YEM,8,1
ZMB,8,1
ZWE,8,1
USA,9,1
AFG,9,1
ALB,9,1
DZA,9,1
AGO,9,1
ARG,9,1
ARM,9,1
AUS,9,1
AUT,9,1
AZE,9,1
BHS,9,1
BHR,9,1
BGD,9,1
BRB,9,1
BLR,9,1
BEL,9,1
BLZ,9,1
BEN,9,1
BTN,9,1
BOL,9,1
BIH,9,1
BWA,9,1
BRA,9,1
BRN,9,1
BGR,9,1
BFA,9,1
BDI,9,1
CPV,9,1
KHM,9,1
CMR,9,1
CAN,9,1
CAF,9,1
TCD,9,1
CHL,9,1
CHN,9,1
COL,9,1
COM,9,1
COD,9,1
COG,9,1
CRI,9,1
CIV,9,1
HRV,9,1
CUB,9,1
CYP,9,1
CZE,9,1
DNK,9,1
DJI,9,1
DOM,9,1
ECU,9,1
EGY,9,1
SLV,9,1
GNQ,9,1
ERI,9,1
EST,9,1
SWZ,9,1
ETH,9,1
FJI,9,1
FIN,9,1
FRA,9,1
GUF,9,1
PYF,9,1
GAB,9,1
GEO,9,1
DEU,9,1
GHA,9,1
GRC,9,1
GUM,9,1
GTM,9,1
GIN,9,1
GNB,9,1
GUY,9,1
HTI,9,1
HND,9,1
HUN,9,1
ISL,9,1
IND,9,1
IDN,9,1
IRN,9,1
IRQ,9,1
IRL,9,1
ISR,9,1
ITA,9,1
JAM,9,1
JPN,9,1
JOR,9,1
KAZ,9,1
KEN,9,1
PRK,9,1
KOR,9,1
KWT,9,1
KGZ,9,1
LAO,9,1
LVA,9,1
LBN,9,1
LSO,9,1
LBR,9,1
LBY,9,1
LTU,9,1
LUX,9,1
MDG,9,1
MWI,9,1
MYS,9,1
MDV,9,1
MLI,9,1
MLT,9,1
MRT,9,1
MUS,9,1
MEX,9,1
MNG,9,1
MNE,9,1
MAR,9,1
MOZ,9,1
MMR,9,1
NAM,9,1
NPL,9,1
NZL,9,1
NIC,9,1
NER,9,1
NGA,9,1
MKD,9,1
NOR,9,1
OMN,9,1
PAK,9,1
PAN,9,1
PNG,9,1
PRY,9,1
PER,9,1
PHL,9,1
POL,9,1
PRT,9,1
QAT,9,1
MDA,9,1
ROU,9,1
RUS,9,1
RWA,9,1
LCA,9,1
WSM,9,1
STP,9,1
SAU,9,1
SEN,9,1
SRB,9,1
SLE,9,1
SGP,9,1
SVK,9,1
SVN,9,1
SLB,9,1
SOM,9,1
ZAF,9,1
SSD,9,1
ESP,9,1
LKA,9,1
SDN,9,1
SUR,9,1
SWE,9,1
CHE,9,1
SYR,9,1
TJK,9,1
TZA,9,1
THA,9,1
NLD,9,1
GMB,9,1
TLS,9,1
TGO,9,1
TTO,9,1
TUN,9,1
TUR,9,1
TKM,9,1
UGA,9,1
UKR,9,1
ARE,9,1
GBR,9,1
URY,9,1
UZB,9,1
VUT,9,1
VEN,9,1
VNM,9,1
YEM,9,1
ZMB,9,1
ZWE,9,1
USA,10,1
AFG,10,1
ALB,10,1
DZA,10,1
AGO,10,1
ARG,10,1
ARM,10,1
AUS,10,1
AUT,10,1
AZE,10,1
BHS,10,1
BHR,10,1
BGD,10,1
BRB,10,1
BLR,10,1
BEL,10,1
BLZ,10,1
BEN,10,1
BTN,10,1
BOL,10,1
BIH,10,1
BWA,10,1
BRA,10,1
BRN,10,1
BGR,10,1
BFA,10,1
BDI,10,1
CPV,10,1
KHM,10,1
CMR,10,1
CAN,10,1
CAF,10,1
TCD,10,1
CHL,10,1
CHN,10,1
COL,10,1
COM,10,1
COD,10,1
COG,10,1
CRI,10,1
CIV,10,1
HRV,10,1
CUB,10,1
CYP,10,1
CZE,10,1
DNK,10,1
DJI,10,1
DOM,10,1
ECU,10,1
EGY,10,1
SLV,10,0
GNQ,10,1
ERI,10,1
EST,10,1
SWZ,10,1
ETH,10,1
FJI,10,1
FIN,10,1
FRA,10,1
GUF,10,1
PYF,10,1
GAB,10,1
GEO,10,1
DEU,10,1
GHA,10,1
GRC,10,1
GUM,10,1
GTM,10,1
GIN,10,1
GNB,10,1
GUY,10,1
HTI,10,1
HND,10,1
HUN,10,1
ISL,10,1
IND,10,1
IDN,10,1
IRN,10,1
IRQ,10,1
IRL,10,1
ISR,10,1
ITA,10,1
JAM,10,1
JPN,10,1
JOR,10,1
KAZ,10,1
KEN,10,1
PRK,10,1
KOR,10,1
KWT,10,1
KGZ,10,1
LAO,10,0
LVA,10,1
LBN,10,1
LSO,10,1
LBR,10,1
LBY,10,1
LTU,10,1
LUX,10,1
MDG,10,1
MWI,10,1
MYS,10,1
MDV,10,1
MLI,10,1
MLT,10,1
MRT,10,1
MUS,10,1
MEX,10,1
MNG,10,1
MNE,10,1
MAR,10,1
MOZ,10,1
MMR,10,1
NAM,10,1
NPL,10,1
NZL,10,1
NIC,10,1
NER,10,1
NGA,10,1
MKD,10,0
NOR,10,1
OMN,10,1
PAK,10,1
PAN,10,1
PNG,10,1
PRY,10,1
PER,10,1
PHL,10,1
POL,10,1
PRT,10,1
QAT,10,1
MDA,10,1
ROU,10,1
RUS,10,1
RWA,10,1
LCA,10,1
WSM,10,1
STP,10,1
SAU,10,1
SEN,10,1
SRB,10,1
SLE,10,1
SGP,10,1
SVK,10,1
SVN,10,1
SLB,10,1
SOM,10,1
ZAF,10,1
SSD,10,1
ESP,10,1
LKA,10,1
SDN,10,1
SUR,10,1
SWE,10,1
CHE,10,1
SYR,10,1
TJK,10,1
TZA,10,1
THA,10,1
NLD,10,1
GMB,10,1
TLS,10,1
TGO,10,1
TTO,10,1
TUN,10,1
TUR,10,1
TKM,10,1
UGA,10,1
UKR,10,1
ARE,10,1
GBR,10,1
URY,10,1
UZB,10,1
VUT,10,1
VEN,10,1
VNM,10,1
YEM,10,1
ZMB,10,0
ZWE,10,1
USA,11,1
AFG,11,1
ALB,11,1
DZA,11,1
AGO,11,1
ARG,11,1
ARM,11,1
AUS,11,1
AUT,11,1
AZE,11,1
BHS,11,1
BHR,11,1
BGD,11,1
BRB,11,1
BLR,11,1
BEL,11,1
BLZ,11,1
BEN,11,1
BTN,11,1
BOL,11,1
BIH,11,1
BWA,11,1
BRA,11,1
BRN,11,1
BGR,11,1
BFA,11,1
BDI,11,1
CPV,11,1
KHM,11,1
CMR,11,1
CAN,11,1
CAF,11,1
TCD,11,1
CHL,11,1
CHN,11,1
COL,11,1
COM,11,0
COD,11,1
COG,11,1
CRI,11,1
CIV,11,1
HRV,11,1
CUB,11,1
CYP,11,1
CZE,11,1
DNK,11,1
DJI,11,1
DOM,11,1
ECU,11,1
EGY,11,1
SLV,11,1
GNQ,11,1
ERI,11,1
EST,11,1
SWZ,11,1
ETH,11,1
FJI,11,1
FIN,11,1
FRA,11,1
GUF,11,1
PYF,11,1
GAB,11,1
GEO,11,1
DEU,11,1
GHA,11,1
GRC,11,1
GUM,11,1
GTM,11,1
GIN,11,1
GNB,11,1
GUY,11,1
HTI,11,1
HND,11,1
HUN,11,1
ISL,11,1
IND,11,1
IDN,11,1
IRN,11,1
IRQ,11,1
IRL,11,1
ISR,11,1
ITA,11,1
JAM,11,1
JPN,11,1
JOR,11,1
KAZ,11,1
KEN,11,1
PRK,11,1
KOR,11,1
KWT,11,1
KGZ,11,1
LAO,11,1
LVA,11,1
LBN,11,1
LSO,11,1
LBR,11,1
LBY,11,1
LTU,11,1
LUX,11,1
MDG,11,1
MWI,11,1
MYS,11,1
MDV,11,1
MLI,11,1
MLT,11,1
MRT,11,1
MUS,11,1
MEX,11,1
MNG,11,1
MNE,11,1
MAR,11,1
MOZ,11,1
MMR,11,1
NAM,11,1
NPL,11,1
NZL,11,1
NIC,11,1
NER,11,1
NGA,11,1
MKD,11,1
NOR,11,1
OMN,11,1
PAK,11,1
PAN,11,1
PNG,11,1
PRY,11,1
PER,11,1
PHL,11,1
POL,11,1
PRT,11,1
QAT,11,1
MDA,11,1
ROU,11,1
RUS,11,1
RWA,11,1
LCA,11,1
WSM,11,1
STP,11,1
SAU,11,1
SEN,11,1
SRB,11,1
SLE,11,1
SGP,11,1
SVK,11,1
SVN,11,1
SLB,11,1
SOM,11,1
ZAF,11,1
SSD,11,1
ESP,11,1
LKA,11,1
SDN,11,1
SUR,11,1
SWE,11,1
CHE,11,1
SYR,11,1
TJK,11,1
TZA,11,1
THA,11,1
NLD,11,1
GMB,11,1
TLS,11,1
TGO,11,1
TTO,11,1
TUN,11,1
TUR,11,1
TKM,11,1
UGA,11,1
UKR,11,1
ARE,11,1
GBR,11,1
URY,11,1
UZB,11,1
VUT,11,1
VEN,11,1
VNM,11,1
YEM,11,1
ZMB,11,1
ZWE,11,1
USA,12,1
AFG,12,1
ALB,12,1
DZA,12,1
AGO,12,1
ARG,12,1
ARM,12,1
AUS,12,1
AUT,12,1
AZE,12,1
BHS,12,1
BHR,12,1
BGD,12,1
BRB,12,1
BLR,12,1
BEL,12,1
BLZ,12,1
BEN,12,1
BTN,12,1
BOL,12,1
BIH,12,1
BWA,12,1
BRA,12,1
BRN,12,1
BGR,12,1
BFA,12,1
BDI,12,1
CPV,12,1
KHM,12,1
CMR,12,1
CAN,12,1
CAF,12,1
TCD,12,1
CHL,12,1
CHN,12,1
COL,12,1
COM,12,1
COD,12,1
COG,12,1
CRI,12,1
CIV,12,1
HRV,12,1
CUB,12,1
CYP,12,1
CZE,12,1
DNK,12,1
DJI,12,1
DOM,12,1
ECU,12,1
EGY,12,1
SLV,12,1
GNQ,12,1
ERI,12,1
EST,12,1
SWZ,12,1
ETH,12,1
FJI,12,1
FIN,12,1
FRA,12,1
GUF,12,1
PYF,12,1
GAB,12,1
GEO,12,1
DEU,12,1
GHA,12,1
GRC,12,1
GUM,12,1
GTM,12,1
GIN,12,1
GNB,12,1
GUY,12,1
HTI,12,1
HND,12,1
HUN,12,1
ISL,12,1
IND,12,1
IDN,12,1
IRN,12,1
IRQ,12,1
IRL,12,1
ISR,12,1
ITA,12,1
JAM,12,1
JPN,12,1
JOR,12,1
KAZ,12,1
KEN,12,1
PRK,12,1
KOR,12,1
KWT,12,1
KGZ,12,1
LAO,12,1
LVA,12,1
LBN,12,1
LSO,12,1
LBR,12,1
LBY,12,1
LTU,12,1
LUX,12,1
MDG,12,1
MWI,12,1
MYS,12,1
MDV,12,1
MLI,12,1
MLT,12,1
MRT,12,1
MUS,12,1
MEX,12,1
MNG,12,1
MNE,12,1
MAR,12,1
MOZ,12,1
MMR,12,1
NAM,12,1
NPL,12,1
NZL,12,1
NIC,12,1
NER,12,1
NGA,12,1
MKD,12,1
NOR,12,1
OMN,12,1
PAK,12,1
PAN,12,1
PNG,12,1
PRY,12,1
PER,12,1
PHL,12,1
POL,12,1
PRT,12,1
QAT,12,1
MDA,12,1
ROU,12,1
RUS,12,1
RWA,12,1
LCA,12,1
WSM,12,1
STP,12,1
SAU,12,1
SEN,12,1
SRB,12,1
SLE,12,1
SGP,12,1
SVK,12,1
SVN,12,1
SLB,12,1
SOM,12,1
ZAF,12,1
SSD,12,1
ESP,12,1
LKA,12,1
SDN,12,1
SUR,12,1
SWE,12,1
CHE,12,1
SYR,12,1
TJK,12,1
TZA,12,1
THA,12,1
NLD,12,1
GMB,12,1
TLS,12,1
TGO,12,1
TTO,12,1
TUN,12,1
TUR,12,1
TKM,12,1
UGA,12,1
UKR,12,1
ARE,12,1
GBR,12,1
URY,12,1
UZB,12,1
VUT,12,1
VEN,12,1
VNM,12,1
YEM,12,1
ZMB,12,1
ZWE,12,1
USA,13,1
AFG,13,1
ALB,13,1
DZA,13,1
AGO,13,1
ARG,13,1
ARM,13,1
AUS,13,1
AUT,13,1
AZE,13,1
BHS,13,1
BHR,13,1
BGD,13,1
BRB,13,1
BLR,13,1
BEL,13,1
BLZ,13,1
BEN,13,1
BTN,13,1
BOL,13,1
BIH,13,0
BWA,13,1
BRA,13,1
BRN,13,1
BGR,13,1
BFA,13,1
BDI,13,1
CPV,13,1
KHM,13,1
CMR,13,1
CAN,13,1
CAF,13,1
TCD,13,1
CHL,13,1
CHN,13,1
COL,13,1
COM,13,1
COD,13,1
COG,13,1
CRI,13,1
CIV,13,1
HRV,13,1
CUB,13,1
CYP,13,1
CZE,13,1
DNK,13,1
DJI,13,1
DOM,13,1
ECU,13,1
EGY,13,1
SLV,13,1
GNQ,13,1
ERI,13,1
EST,13,1
SWZ,13,1
ETH,13,1
FJI,13,1
FIN,13,1
FRA,13,1
GUF,13,1
PYF,13,1
GAB,13,1
GEO,13,1
DEU,13,1
GHA,13,1
GRC,13,1
GUM,13,1
GTM,13,1
GIN,13,1
GNB,13,1
GUY,13,1
HTI,13,1
HND,13,1
HUN,13,1
ISL,13,1
IND,13,1
IDN,13,1
IRN,13,1
IRQ,13,1
IRL,13,1
ISR,13,1
ITA,13,1
JAM,13,1
JPN,13,1
JOR,13,1
KAZ,13,1
KEN,13,1
PRK,13,1
KOR,13,1
KWT,13,1
KGZ,13,1
LAO,13,1
LVA,13,1
LBN,13,1
LSO,13,1
LBR,13,1
LBY,13,1
LTU,13,1
LUX,13,1
MDG,13,1
MWI,13,1
MYS,13,1
MDV,13,1
MLI,13,1
MLT,13,1
MRT,13,1
MUS,13,1
MEX,13,1
MNG,13,0
MNE,13,1
MAR,13,1
MOZ,13,1
MMR,13,1
NAM,13,1
NPL,13,1
NZL,13,1
NIC,13,1
NER,13,1
NGA,13,1
MKD,13,1
NOR,13,1
OMN,13,1
PAK,13,1
PAN,13,1
PNG,13,1
PRY,13,1
PER,13,1
PHL,13,1
POL,13,1
PRT,13,1
QAT,13,1
MDA,13,1
ROU,13,1
RUS,13,1
RWA,13,1
LCA,13,1
WSM,13,1
STP,13,1
SAU,13,1
SEN,13,1
SRB,13,1
SLE,13,1
SGP,13,1
SVK,13,1
SVN,13,1
SLB,13,1
SOM,13,1
ZAF,13,1
SSD,13,1
ESP,13,1
LKA,13,1
SDN,13,1
SUR,13,1
SWE,13,1
CHE,13,1
SYR,13,1
TJK,13,1
TZA,13,1
THA,13,0
NLD,13,1
GMB,13,1
TLS,13,0
TGO,13,1
TTO,13,1
TUN,13,1
TUR,13,1
TKM,13,1
UGA,13,1
UKR,13,1
ARE,13,1
GBR,13,1
URY,13,1
UZB,13,1
VUT,13,1
VEN,13,1
VNM,13,1
YEM,13,1
ZMB,13,1
ZWE,13,1
USA,14,1
AFG,14,1
ALB,14,1
DZA,14,1
AGO,14,1
ARG,14,1
ARM,14,1
AUS,14,1
AUT,14,1
AZE,14,1
BHS,14,1
BHR,14,1
BGD,14,1
BRB,14,1
BLR,14,1
BEL,14,1
BLZ,14,1
BEN,14,1
BTN,14,1
BOL,14,1
BIH,14,1
BWA,14,1
BRA,14,1
BRN,14,1
BGR,14,1
BFA,14,1
BDI,14,1
CPV,14,1
KHM,14,1
CMR,14,1
CAN,14,1
CAF,14,1
TCD,14,1
CHL,14,1
CHN,14,1
COL,14,1
COM,14,1
COD,14,1
COG,14,1
CRI,14,1
CIV,14,1
HRV,14,1
CUB,14,1
CYP,14,1
CZE,14,1
DNK,14,1
DJI,14,1
DOM,14,1
ECU,14,1
EGY,14,1
SLV,14,1
GNQ,14,1
ERI,14,1
EST,14,1
SWZ,14,1
ETH,14,1
FJI,14,1
FIN,14,1
FRA,14,1
GUF,14,1
PYF,14,1
GAB,14,1
GEO,14,1
DEU,14,1
GHA,14,1
GRC,14,1
GUM,14,1
GTM,14,1
GIN,14,1
GNB,14,1
GUY,14,1
HTI,14,1
HND,14,1
HUN,14,1
ISL,14,1
IND,14,1
IDN,14,1
IRN,14,1
IRQ,14,1
IRL,14,1
ISR,14,1
ITA,14,1
JAM,14,1
JPN,14,1
JOR,14,1
KAZ,14,1
KEN,14,1
PRK,14,1
KOR,14,1
KWT,14,1
KGZ,14,1
LAO,14,1
LVA,14,1
LBN,14,1
LSO,14,1
LBR,14,1
LBY,14,1
LTU,14,1
LUX,14,1
MDG,14,1
MWI,14,1
MYS,14,1
MDV,14,1
MLI,14,1
MLT,14,1
MRT,14,1
MUS,14,1
MEX,14,1
MNG,14,1
MNE,14,1
MAR,14,1
MOZ,14,1
MMR,14,1
NAM,14,1
NPL,14,1
NZL,14,1
NIC,14,1
NER,14,1
NGA,14,1
MKD,14,1
NOR,14,1
OMN,14,1
PAK,14,1
PAN,14,1
PNG,14,1
PRY,14,1
PER,14,1
PHL,14,1
POL,14,1
PRT,14,1
QAT,14,1
MDA,14,1
ROU,14,1
RUS,14,1
RWA,14,1
LCA,14,1
WSM,14,1
STP,14,1
SAU,14,1
SEN,14,1
SRB,14,1
SLE,14,1
SGP,14,1
SVK,14,1
SVN,14,1
SLB,14,1
SOM,14,1
ZAF,14,1
SSD,14,1
ESP,14,1
LKA,14,1
SDN,14,1
SUR,14,1
SWE,14,1
CHE,14,1
SYR,14,1
TJK,14,1
TZA,14,1
THA,14,1
NLD,14,1
GMB,14,1
TLS,14,1
TGO,14,1
TTO,14,1
TUN,14,1
TUR,14,1
TKM,14,1
UGA,14,1
UKR,14,1
ARE,14,1
GBR,14,1
URY,14,1
UZB,14,1
VUT,14,1
VEN,14,1
VNM,14,1
YEM,14,1
ZMB,14,1
ZWE,14,1
USA,15,1
AFG,15,1
ALB,15,1
DZA,15,1
AGO,15,1
ARG,15,1
ARM,15,1
AUS,15,1
AUT,15,1
AZE,15,1
BHS,15,1
BHR,15,1
BGD,15,1
BRB,15,1
BLR,15,1
BEL,15,1
BLZ,15,1
BEN,15,1
BTN,15,1
BOL,15,1
BIH,15,1
BWA,15,1
BRA,15,1
BRN,15,1
BGR,15,1
BFA,15,1
BDI,15,1
CPV,15,1
KHM,15,1
CMR,15,1
CAN,15,1
CAF,15,1
TCD,15,0
CHL,15,1
CHN,15,1
COL,15,1
COM,15,1
COD,15,1
COG,15,1
CRI,15,1
CIV,15,1
HRV,15,1
CUB,15,1
CYP,15,1
CZE,15,1
DNK,15,1
DJI,15,1
DOM,15,1
ECU,15,1
EGY,15,1
SLV,15,1
GNQ,15,1
ERI,15,1
EST,15,1
SWZ,15,1
ETH,15,1
FJI,15,1
FIN,15,1
FRA,15,1
GUF,15,1
PYF,15,1
GAB,15,1
GEO,15,1
DEU,15,1
GHA,15,1
GRC,15,1
GUM,15,1
GTM,15,1
GIN,15,1
GNB,15,1
GUY,15,1
HTI,15,1
HND,15,1
HUN,15,1
ISL,15,1
IND,15,1
IDN,15,1
IRN,15,1
IRQ,15,1
IRL,15,1
ISR,15,1
ITA,15,1
JAM,15,1
JPN,15,1
JOR,15,1
KAZ,15,1
KEN,15,1
PRK,15,1
KOR,15,1
KWT,15,1
KGZ,15,1
LAO,15,1
LVA,15,1
LBN,15,1
LSO,15,1
LBR,15,1
LBY,15,1
LTU,15,1
LUX,15,1
MDG,15,1
MWI,15,1
MYS,15,1
MDV,15,1
MLI,15,1
MLT,15,1
MRT,15,1
MUS,15,1
MEX,15,1
MNG,15,1
MNE,15,1
MAR,15,1
MOZ,15,1
MMR,15,1
NAM,15,1
NPL,15,1
NZL,15,1
NIC,15,1
NER,15,1
NGA,15,1
MKD,15,1
NOR,15,1
OMN,15,1
PAK,15,1
PAN,15,1
PNG,15,1
PRY,15,1
PER,15,1
PHL,15,1
POL,15,1
PRT,15,1
QAT,15,1
MDA,15,1
ROU,15,1
RUS,15,1
RWA,15,1
LCA,15,1
WSM,15,1
STP,15,1
SAU,15,1
SEN,15,1
SRB,15,1
SLE,15,1
SGP,15,1
SVK,15,1
SVN,15,1
SLB,15,1
SOM,15,1
ZAF,15,1
SSD,15,1
ESP,15,1
LKA,15,0
SDN,15,1
SUR,15,1
SWE,15,1
CHE,15,1
SYR,15,1
TJK,15,1
TZA,15,1
THA,15,1
NLD,15,1
GMB,15,1
TLS,15,1
TGO,15,1
TTO,15,1
TUN,15,1
TUR,15,1
TKM,15,1
UGA,15,1
UKR,15,1
ARE,15,1
GBR,15,1
URY,15,1
UZB,15,1
VUT,15,1
VEN,15,1
VNM,15,0
YEM,15,1
ZMB,15,1
ZWE,15,1
USA,16,1
AFG,16,1
ALB,16,1
DZA,16,1
AGO,16,1
ARG,16,1
ARM,16,1
AUS,16,1
AUT,16,1
AZE,16,1
BHS,16,1
BHR,16,1
BGD,16,1
BRB,16,1
BLR,16,1
BEL,16,1
BLZ,16,1
BEN,16,1
BTN,16,1
BOL,16,1
BIH,16,1
BWA,16,1
BRA,16,1
BRN,16,1
BGR,16,1
BFA,16,1
BDI,16,1
CPV,16,1
KHM,16,1
CMR,16,1
CAN,16,1
CAF,16,1
TCD,16,1
CHL,16,1
CHN,16,1
COL,16,1
COM,16,1
COD,16,1
COG,16,1
CRI,16,1
CIV,16,1
HRV,16,1
CUB,16,1
CYP,16,1
CZE,16,1
DNK,16,1
DJI,16,1
DOM,16,1
ECU,16,1
EGY,16,1
SLV,16,1
GNQ,16,1
ERI,16,1
EST,16,1
SWZ,16,1
ETH,16,1
FJI,16,1
FIN,16,1
FRA,16,1
GUF,16,1
PYF,16,1
GAB,16,1
GEO,16,1
DEU,16,1
GHA,16,1
GRC,16,1
GUM,16,1
GTM,16,1
GIN,16,1
GNB,16,1
GUY,16,1
HTI,16,1
HND,16,1
HUN,16,1
ISL,16,1
IND,16,1
IDN,16,1
IRN,16,1
IRQ,16,1
IRL,16,1
ISR,16,1
ITA,16,1
JAM,16,1
JPN,16,1
JOR,16,1
KAZ,16,1
KEN,16,1
PRK,16,1
KOR,16,1
KWT,16,1
KGZ,16,1
LAO,16,1
LVA,16,1
LBN,16,1
LSO,16,1
LBR,16,1
LBY,16,1
LTU,16,1
LUX,16,1
MDG,16,1
MWI,16,1
MYS,16,1
MDV,16,1
MLI,16,1
MLT,16,1
MRT,16,1
MUS,16,1
MEX,16,1
MNG,16,1
MNE,16,1
MAR,16,1
MOZ,16,1
MMR,16,1
NAM,16,1
NPL,16,1
NZL,16,1
NIC,16,1
NER,16,1
NGA,16,1
MKD,16,1
NOR,16,1
OMN,16,1
PAK,16,1
PAN,16,1
PNG,16,1
PRY,16,1
PER,16,1
PHL,16,1
POL,16,1
PRT,16,1
QAT,16,1
MDA,16,1
ROU,16,1
RUS,16,1
RWA,16,1
LCA,16,1
WSM,16,1
STP,16,1
SAU,16,1
SEN,16,1
SRB,16,1
SLE,16,1
SGP,16,1
SVK,16,1
SVN,16,1
SLB,16,1
SOM,16,1
ZAF,16,1
SSD,16,1
ESP,16,1
LKA,16,1
SDN,16,1
SUR,16,1
SWE,16,1
CHE,16,1
SYR,16,1
TJK,16,1
TZA,16,1
THA,16,1
NLD,16,1
GMB,16,1
TLS,16,1
TGO,16,1
TTO,16,1
TUN,16,1
TUR,16,1
TKM,16,1
UGA,16,1
UKR,16,1
ARE,16,1
GBR,16,1
URY,16,1
UZB,16,1
VUT,16,1
VEN,16,1
VNM,16,1
YEM,16,1
ZMB,16,1
ZWE,16,1
USA,17,1
AFG,17,1
ALB,17,1
DZA,17,1
AGO,17,1
ARG,17,1
ARM,17,1
AUS,17,1
AUT,17,1
AZE,17,1
BHS,17,1
BHR,17,1
BGD,17,1
BRB,17,1
BLR,17,1
BEL,17,1
BLZ,17,1
BEN,17,1
BTN,17,1
BOL,17,1
BIH,17,1
BWA,17,1
BRA,17,1
BRN,17,1
BGR,17,1
BFA,17,1
BDI,17,1
CPV,17,1
KHM,17,0
CMR,17,1
CAN,17,1
CAF,17,1
TCD,17,1
CHL,17,1
CHN,17,1
COL,17,1
COM,17,1
COD,17,1
COG,17,1
CRI,17,1
CIV,17,1
HRV,17,1
CUB,17,1
CYP,17,1
CZE,17,1
DNK,17,1
DJI,17,1
DOM,17,1
ECU,17,1
EGY,17,1
SLV,17,1
GNQ,17,1
ERI,17,1
EST,17,1
SWZ,17,1
ETH,17,1
FJI,17,1
FIN,17,1
FRA,17,1
GUF,17,1
PYF,17,1
GAB,17,1
GEO,17,1
DEU,17,1
GHA,17,1
GRC,17,1
GUM,17,1
GTM,17,1
GIN,17,1
GNB,17,1
GUY,17,1
HTI,17,1
HND,17,1
HUN,17,1
ISL,17,1
IND,17,1
IDN,17,1
IRN,17,1
IRQ,17,1
IRL,17,1
ISR,17,1
ITA,17,1
JAM,17,1
JPN,17,1
JOR,17,1
KAZ,17,1
KEN,17,1
PRK,17,1
KOR,17,1
KWT,17,1
KGZ,17,1
LAO,17,1
LVA,17,1
LBN,17,1
LSO,17,1
LBR,17,1
LBY,17,1
LTU,17,1
LUX,17,1
MDG,17,1
MWI,17,1
MYS,17,1
MDV,17,1
MLI,17,1
MLT,17,1
MRT,17,1
MUS,17,1
MEX,17,1
MNG,17,1
MNE,17,1
MAR,17,1
MOZ,17,1
MMR,17,1
NAM,17,1
NPL,17,1
NZL,17,1
NIC,17,1
NER,17,1
NGA,17,1
MKD,17,1
NOR,17,1
OMN,17,1
PAK,17,1
PAN,17,1
PNG,17,1
PRY,17,1
PER,17,1
PHL,17,1
POL,17,1
PRT,17,1
QAT,17,1
MDA,17,1
ROU,17,1
RUS,17,1
RWA,17,1
LCA,17,1
WSM,17,1
STP,17,1
SAU,17,1
SEN,17,1
SRB,17,1
SLE,17,1
SGP,17,1
SVK,17,1
SVN,17,1
SLB,17,1
SOM,17,1
ZAF,17,1
SSD,17,1
ESP,17,1
LKA,17,1
SDN,17,1
SUR,17,1
SWE,17,1
CHE,17,1
SYR,17,1
TJK,17,1
TZA,17,1
THA,17,1
NLD,17,1
GMB,17,1
TLS,17,1
TGO,17,1
TTO,17,1
TUN,17,1
TUR,17,1
TKM,17,1
UGA,17,1
UKR,17,1
ARE,17,1
GBR,17,1
URY,17,1
UZB,17,1
VUT,17,1
VEN,17,1
VNM,17,1
YEM,17,1
ZMB,17,1
ZWE,17,1
USA,18,1
AFG,18,1
ALB,18,1
DZA,18,1
AGO,18,1
ARG,18,1
ARM,18,1
AUS,18,1
AUT,18,1
AZE,18,1
BHS,18,1
BHR,18,1
BGD,18,1
BRB,18,1
BLR,18,1
BEL,18,1
BLZ,18,1
BEN,18,1
BTN,18,1
BOL,18,1
BIH,18,1
BWA,18,1
BRA,18,1
BRN,18,1
BGR,18,1
BFA,18,1
BDI,18,1
CPV,18,1
KHM,18,1
CMR,18,1
CAN,18,1
CAF,18,1
TCD,18,1
CHL,18,1
CHN,18,1
COL,18,1
COM,18,1
COD,18,1
COG,18,1
CRI,18,1
CIV,18,1
HRV,18,1
CUB,18,1
CYP,18,1
CZE,18,1
DNK,18,1
DJI,18,1
DOM,18,1
ECU,18,1
EGY,18,1
SLV,18,1
GNQ,18,1
ERI,18,1
EST,18,1
SWZ,18,1
ETH,18,1
FJI,18,1
FIN,18,1
FRA,18,1
GUF,18,1
PYF,18,1
GAB,18,1
GEO,18,1
DEU,18,1
GHA,18,1
GRC,18,1
GUM,18,1
GTM,18,1
GIN,18,1
GNB,18,1
GUY,18,1
HTI,18,1
HND,18,1
HUN,18,1
ISL,18,1
IND,18,1
IDN,18,1
IRN,18,1
IRQ,18,1
IRL,18,1
ISR,18,1
ITA,18,1
JAM,18,1
JPN,18,1
JOR,18,1
KAZ,18,1
KEN,18,1
PRK,18,1
KOR,18,1
KWT,18,1
KGZ,18,1
LAO,18,1
LVA,18,1
LBN,18,1
LSO,18,1
LBR,18,1
LBY,18,1
LTU,18,1
LUX,18,1
MDG,18,1
MWI,18,1
MYS,18,1
MDV,18,1
MLI,18,1
MLT,18,1
MRT,18,1
MUS,18,1
MEX,18,1
MNG,18,1
MNE,18,1
MAR,18,1
MOZ,18,1
MMR,18,1
NAM,18,1
NPL,18,1
NZL,18,1
NIC,18,1
NER,18,1
NGA,18,1
MKD,18,1
NOR,18,1
OMN,18,1
PAK,18,1
PAN,18,1
PNG,18,1
PRY,18,1
PER,18,1
PHL,18,1
POL,18,1
PRT,18,1
QAT,18,1
MDA,18,1
ROU,18,1
RUS,18,1
RWA,18,1
LCA,18,1
WSM,18,1
STP,18,1
SAU,18,1
SEN,18,1
SRB,18,1
SLE,18,1
SGP,18,1
SVK,18,1
SVN,18,1
SLB,18,1
SOM,18,1
ZAF,18,1
SSD,18,1
ESP,18,1
LKA,18,1
SDN,18,1
SUR,18,1
SWE,18,1
CHE,18,1
SYR,18,1
TJK,18,1
TZA,18,1
THA,18,1
NLD,18,1
GMB,18,1
TLS,18,1
TGO,18,1
TTO,18,1
TUN,18,1
TUR,18,1
TKM,18,1
UGA,18,1
UKR,18,1
ARE,18,1
GBR,18,1
URY,18,1
UZB,18,1
VUT,18,1
VEN,18,1
VNM,18,1
YEM,18,1
ZMB,18,1
ZWE,18,1
USA,19,1
AFG,19,1
ALB,19,1
DZA,19,1
AGO,19,1
ARG,19,1
ARM,19,1
AUS,19,1
AUT,19,1
AZE,19,1
BHS,19,1
BHR,19,1
BGD,19,1
BRB,19,1
BLR,19,1
BEL,19,1
BLZ,19,1
BEN,19,1
BTN,19,1
BOL,19,1
BIH,19,1
BWA,19,1
BRA,19,1
BRN,19,1
BGR,19,1
BFA,19,1
BDI,19,1
CPV,19,1
KHM,19,1
CMR,19,1
CAN,19,1
CAF,19,1
TCD,19,1
CHL,19,1
CHN,19,1
COL,19,1
COM,19,1
COD,19,1
COG,19,1
CRI,19,1
CIV,19,1
HRV,19,1
CUB,19,1
CYP,19,1
CZE,19,1
DNK,19,1
DJI,19,1
DOM,19,1
ECU,19,1
EGY,19,1
SLV,19,1
GNQ,19,1
ERI,19,1
EST,19,1
SWZ,19,1
ETH,19,1
FJI,19,1
FIN,19,1
FRA,19,1
GUF,19,1
PYF,19,1
GAB,19,1
GEO,19,1
DEU,19,1
GHA,19,1
GRC,19,1
GUM,19,1
GTM,19,1
GIN,19,1
GNB,19,1
GUY,19,1
HTI,19,1
HND,19,1
HUN,19,1
ISL,19,1
IND,19,1
IDN,19,1
IRN,19,1
IRQ,19,1
IRL,19,1
ISR,19,1
ITA,19,1
JAM,19,1
JPN,19,1
JOR,19,1
KAZ,19,1
KEN,19,1
PRK,19,1
KOR,19,1
KWT,19,1
KGZ,19,1
LAO,19,1
LVA,19,1
LBN,19,1
LSO,19,1
LBR,19,1
LBY,19,1
LTU,19,1
LUX,19,1
MDG,19,1
MWI,19,1
MYS,19,1
MDV,19,1
MLI,19,1
MLT,19,1
MRT,19,1
MUS,19,1
MEX,19,1
MNG,19,1
MNE,19,1
MAR,19,1
MOZ,19,1
MMR,19,1
NAM,19,1
NPL,19,1
NZL,19,1
NIC,19,1
NER,19,1
NGA,19,1
MKD,19,1
NOR,19,1
OMN,19,1
PAK,19,1
PAN,19,1
PNG,19,1
PRY,19,1
PER,19,1
PHL,19,1
POL,19,1
PRT,19,1
QAT,19,1
MDA,19,1
ROU,19,1
RUS,19,1
RWA,19,1
LCA,19,1
WSM,19,1
STP,19,1
SAU,19,1
SEN,19,1
SRB,19,1
SLE,19,1
SGP,19,1
SVK,19,1
SVN,19,1
SLB,19,1
SOM,19,1
ZAF,19,1
SSD,19,1
ESP,19,1
LKA,19,1
SDN,19,1
SUR,19,1
SWE,19,1
CHE,19,1
SYR,19,1
TJK,19,1
TZA,19,1
THA,19,1
NLD,19,1
GMB,19,1
TLS,19,1
TGO,19,1
TTO,19,1
TUN,19,1
TUR,19,1
TKM,19,1
UGA,19,1
UKR,19,1
ARE,19,1
GBR,19,1
URY,19,1
UZB,19,1
VUT,19,1
VEN,19,1
VNM,19,1
YEM,19,1
ZMB,19,1
ZWE,19,1
USA,20,1
AFG,20,1
ALB,20,1
DZA,20,1
AGO,20,1
ARG,20,1
ARM,20,1
AUS,20,1
AUT,20,1
AZE,20,1
BHS,20,1
BHR,20,1
BGD,20,1
BRB,20,1
BLR,20,1
BEL,20,1
BLZ,20,1
BEN,20,1
BTN,20,1
BOL,20,1
BIH,20,1
BWA,20,1
BRA,20,1
BRN,20,1
BGR,20,1
BFA,20,1
BDI,20,1
CPV,20,1
KHM,20,0
CMR,20,1
CAN,20,1
CAF,20,1
TCD,20,1
CHL,20,1
CHN,20,1
COL,20,1
COM,20,1
COD,20,1
COG,20,1
CRI,20,1
CIV,20,1
HRV,20,1
CUB,20,1
CYP,20,1
CZE,20,1
DNK,20,1
DJI,20,1
DOM,20,1
ECU,20,1
EGY,20,1
SLV,20,1
GNQ,20,1
ERI,20,1
EST,20,1
SWZ,20,1
ETH,20,1
FJI,20,1
FIN,20,1
FRA,20,1
GUF,20,1
PYF,20,1
GAB,20,1
GEO,20,1
DEU,20,1
GHA,20,1
GRC,20,1
GUM,20,1
GTM,20,1
GIN,20,1
GNB,20,1
GUY,20,1
HTI,20,1
HND,20,1
HUN,20,1
ISL,20,1
IND,20,1
IDN,20,1
IRN,20,1
IRQ,20,1
IRL,20,1
ISR,20,1
ITA,20,1
JAM,20,1
JPN,20,1
JOR,20,1
KAZ,20,1
KEN,20,1
PRK,20,1
KOR,20,1
KWT,20,1
KGZ,20,1
LAO,20,1
LVA,20,1
LBN,20,1
LSO,20,1
LBR,20,1
LBY,20,1
LTU,20,1
LUX,20,1
MDG,20,1
MWI,20,1
MYS,20,1
MDV,20,1
MLI,20,1
MLT,20,1
MRT,20,1
MUS,20,1
MEX,20,1
MNG,20,1
MNE,20,1
MAR,20,1
MOZ,20,1
MMR,20,1
NAM,20,1
NPL,20,1
NZL,20,1
NIC,20,1
NER,20,1
NGA,20,1
MKD,20,1
NOR,20,1
OMN,20,1
PAK,20,1
PAN,20,1
PNG,20,1
PRY,20,1
PER,20,1
PHL,20,1
POL,20,1
PRT,20,1
QAT,20,1
MDA,20,1
ROU,20,1
RUS,20,1
RWA,20,1
LCA,20,1
WSM,20,1
STP,20,1
SAU,20,1
SEN,20,1
SRB,20,1
SLE,20,1
SGP,20,1
SVK,20,1
SVN,20,1
SLB,20,1
SOM,20,1
ZAF,20,1
SSD,20,1
ESP,20,1
LKA,20,1
SDN,20,1
SUR,20,1
SWE,20,1
CHE,20,1
SYR,20,1
TJK,20,1
TZA,20,1
THA,20,1
NLD,20,1
GMB,20,1
TLS,20,1
TGO,20,1
TTO,20,1
TUN,20,1
TUR,20,1
TKM,20,1
UGA,20,1
UKR,20,1
ARE,20,1
GBR,20,1
URY,20,1
UZB,20,1
VUT,20,1
VEN,20,1
VNM,20,1
YEM,20,1
ZMB,20,1
ZWE,20,1
USA,21,1
AFG,21,1
ALB,21,1
DZA,21,1
AGO,21,1
ARG,21,1
ARM,21,1
AUS,21,1
AUT,21,1
AZE,21,1
BHS,21,1
BHR,21,1
BGD,21,1
BRB,21,1
BLR,21,1
BEL,21,1
BLZ,21,1
BEN,21,1
BTN,21,1
BOL,21,1
BIH,21,1
BWA,21,1
BRA,21,1
BRN,21,1
BGR,21,1
BFA,21,1
BDI,21,1
CPV,21,1
KHM,21,1
CMR,21,1
CAN,21,1
CAF,21,1
TCD,21,1
CHL,21,1
CHN,21,1
COL,21,1
COM,21,1
COD,21,1
COG,21,1
CRI,21,1
CIV,21,1
HRV,21,1
CUB,21,1
CYP,21,1
CZE,21,1
DNK,21,1
DJI,21,1
DOM,21,1
ECU,21,1
EGY,21,1
SLV,21,1
GNQ,21,1
ERI,21,1
EST,21,1
SWZ,21,1
ETH,21,1
FJI,21,1
FIN,21,1
FRA,21,1
GUF,21,1
PYF,21,1
GAB,21,1
GEO,21,1
DEU,21,1
GHA,21,1
GRC,21,1
GUM,21,1
GTM,21,1
GIN,21,1
GNB,21,1
GUY,21,1
HTI,21,1
HND,21,1
HUN,21,1
ISL,21,1
IND,21,1
IDN,21,1
IRN,21,1
IRQ,21,1
IRL,21,1
ISR,21,1
ITA,21,1
JAM,21,1
JPN,21,1
JOR,21,1
KAZ,21,1
KEN,21,1
PRK,21,1
KOR,21,1
KWT,21,1
KGZ,21,1
LAO,21,1
LVA,21,1
LBN,21,1
LSO,21,1
LBR,21,1
LBY,21,1
LTU,21,1
LUX,21,1
MDG,21,1
MWI,21,1
MYS,21,1
MDV,21,1
MLI,21,1
MLT,21,1
MRT,21,1
MUS,21,1
MEX,21,1
MNG,21,1
MNE,21,1
MAR,21,1
MOZ,21,1
MMR,21,1
NAM,21,1
NPL,21,1
NZL,21,1
NIC,21,1
NER,21,1
NGA,21,1
MKD,21,1
NOR,21,1
OMN,21,1
PAK,21,1
PAN,21,1
PNG,21,1
PRY,21,1
PER,21,1
PHL,21,1
POL,21,1
PRT,21,1
QAT,21,1
MDA,21,1
ROU,21,1
RUS,21,1
RWA,21,1
LCA,21,1
WSM,21,1
STP,21,1
SAU,21,1
SEN,21,1
SRB,21,1
SLE,21,1
SGP,21,1
SVK,21,1
SVN,21,1
SLB,21,1
SOM,21,1
ZAF,21,1
SSD,21,1
ESP,21,1
LKA,21,1
SDN,21,1
SUR,21,1
SWE,21,1
CHE,21,1
SYR,21,1
TJK,21,1
TZA,21,1
THA,21,1
NLD,21,1
GMB,21,1
TLS,21,1
TGO,21,1
TTO,21,1
TUN,21,1
TUR,21,1
TKM,21,1
UGA,21,1
UKR,21,1
ARE,21,1
GBR,21,1
URY,21,1
UZB,21,1
VUT,21,1
VEN,21,1
VNM,21,1
YEM,21,1
ZMB,21,1
ZWE,21,1
USA,22,0
AFG,22,1
ALB,22,1
DZA,22,1
AGO,22,1
ARG,22,1
ARM,22,1
AUS,22,1
AUT,22,1
AZE,22,1
BHS,22,1
BHR,22,1
BGD,22,1
BRB,22,1
BLR,22,1
BEL,22,1
BLZ,22,1
BEN,22,1
BTN,22,1
BOL,22,1
BIH,22,0
BWA,22,1
BRA,22,1
BRN,22,1
BGR,22,1
BFA,22,1
BDI,22,1
CPV,22,1
KHM,22,1
CMR,22,1
CAN,22,1
CAF,22,1
TCD,22,1
CHL,22,1
CHN,22,1
COL,22,1
COM,22,1
COD,22,1
COG,22,1
CRI,22,1
CIV,22,1
HRV,22,1
CUB,22,1
CYP,22,1
CZE,22,1
DNK,22,1
DJI,22,1
DOM,22,1
ECU,22,1
EGY,22,1
SLV,22,1
GNQ,22,1
ERI,22,1
EST,22,1
SWZ,22,1
ETH,22,1
FJI,22,1
FIN,22,1
FRA,22,1
GUF,22,1
PYF,22,1
GAB,22,1
GEO,22,1
DEU,22,1
GHA,22,1
GRC,22,1
GUM,22,1
GTM,22,1
GIN,22,1
GNB,22,1
GUY,22,1
HTI,22,1
HND,22,1
HUN,22,1
ISL,22,1
IND,22,1
IDN,22,1
IRN,22,1
IRQ,22,1
IRL,22,1
ISR,22,1
ITA,22,1
JAM,22,1
JPN,22,1
JOR,22,1
KAZ,22,1
KEN,22,1
PRK,22,1
KOR,22,1
KWT,22,1
KGZ,22,1
LAO,22,1
LVA,22,1
LBN,22,1
LSO,22,1
LBR,22,1
LBY,22,1
LTU,22,1
LUX,22,1
MDG,22,1
MWI,22,1
MYS,22,1
MDV,22,1
MLI,22,1
MLT,22,1
MRT,22,1
MUS,22,1
MEX,22,1
MNG,22,1
MNE,22,1
MAR,22,1
MOZ,22,1
MMR,22,1
NAM,22,1
NPL,22,1
NZL,22,1
NIC,22,1
NER,22,1
NGA,22,1
MKD,22,1
NOR,22,1
OMN,22,1
PAK,22,1
PAN,22,1
PNG,22,1
PRY,22,1
PER,22,1
PHL,22,1
POL,22,1
PRT,22,1
QAT,22,1
MDA,22,0
ROU,22,1
RUS,22,1
RWA,22,1
LCA,22,1
WSM,22,1
STP,22,1
SAU,22,1
SEN,22,1
SRB,22,1
SLE,22,1
SGP,22,1
SVK,22,1
SVN,22,1
SLB,22,1
SOM,22,1
ZAF,22,1
SSD,22,1
ESP,22,1
LKA,22,1
SDN,22,1
SUR,22,1
SWE,22,1
CHE,22,1
SYR,22,1
TJK,22,1
TZA,22,1
THA,22,0
NLD,22,1
GMB,22,1
TLS,22,1
TGO,22,1
TTO,22,1
TUN,22,1
TUR,22,1
TKM,22,1
UGA,22,1
UKR,22,1
ARE,22,1
GBR,22,1
URY,22,1
UZB,22,1
VUT,22,1
VEN,22,1
VNM,22,1
YEM,22,1
ZMB,22,1
ZWE,22,1
USA,23,1
AFG,23,1
ALB,23,1
DZA,23,1
AGO,23,1
ARG,23,1
ARM,23,1
AUS,23,1
AUT,23,1
AZE,23,1
BHS,23,1
BHR,23,1
BGD,23,1
BRB,23,1
BLR,23,1
BEL,23,1
BLZ,23,1
BEN,23,1
BTN,23,1
BOL,23,1
BIH,23,0
BWA,23,1
BRA,23,1
BRN,23,1
BGR,23,1
BFA,23,1
BDI,23,1
CPV,23,1
KHM,23,1
CMR,23,1
CAN,23,1
CAF,23,1
TCD,23,1
CHL,23,1
CHN,23,1
COL,23,1
COM,23,1
COD,23,1
COG,23,1
CRI,23,1
CIV,23,1
HRV,23,1
CUB,23,0
CYP,23,1
CZE,23,1
DNK,23,1
DJI,23,1
DOM,23,1
ECU,23,1
EGY,23,1
SLV,23,1
GNQ,23,1
ERI,23,1
EST,23,1
SWZ,23,1
ETH,23,1
FJI,23,1
FIN,23,1
FRA,23,1
GUF,23,1
PYF,23,1
GAB,23,1
GEO,23,1
DEU,23,1
GHA,23,1
GRC,23,1
GUM,23,1
GTM,23,1
GIN,23,1
GNB,23,1
GUY,23,1
HTI,23,1
HND,23,1
HUN,23,1
ISL,23,1
IND,23,1
IDN,23,1
IRN,23,1
IRQ,23,1
IRL,23,1
ISR,23,1
ITA,23,1
JAM,23,0
JPN,23,1
JOR,23,1
KAZ,23,1
KEN,23,1
PRK,23,1
KOR,23,1
KWT,23,1
KGZ,23,1
LAO,23,1
LVA,23,1
LBN,23,0
LSO,23,1
LBR,23,1
LBY,23,1
LTU,23,1
LUX,23,1
MDG,23,1
MWI,23,1
MYS,23,1
MDV,23,1
MLI,23,1
MLT,23,1
MRT,23,1
MUS,23,1
MEX,23,1
MNG,23,1
MNE,23,1
MAR,23,1
MOZ,23,1
MMR,23,1
NAM,23,1
NPL,23,1
NZL,23,1
NIC,23,1
NER,23,1
NGA,23,1
MKD,23,1
NOR,23,1
OMN,23,1
PAK,23,0
PAN,23,1
PNG,23,1
PRY,23,1
PER,23,1
PHL,23,1
POL,23,1
PRT,23,1
QAT,23,1
MDA,23,0
ROU,23,1
RUS,23,1
RWA,23,1
LCA,23,1
WSM,23,1
STP,23,1
SAU,23,1
SEN,23,1
SRB,23,1
SLE,23,1
SGP,23,1
SVK,23,1
SVN,23,1
SLB,23,1
SOM,23,1
ZAF,23,1
SSD,23,1
ESP,23,1
LKA,23,0
SDN,23,1
SUR,23,1
SWE,23,1
CHE,23,1
SYR,23,1
TJK,23,1
TZA,23,1
THA,23,1
NLD,23,1
GMB,23,1
TLS,23,1
TGO,23,1
TTO,23,1
TUN,23,1
TUR,23,1
TKM,23,1
UGA,23,1
UKR,23,1
ARE,23,1
GBR,23,1
URY,23,1
UZB,23,1
VUT,23,1
VEN,23,1
VNM,23,1
YEM,23,1
ZMB,23,1
ZWE,23,1
USA,24,1
AFG,24,1
ALB,24,1
DZA,24,1
AGO,24,1
ARG,24,1
ARM,24,1
AUS,24,1
AUT,24,1
AZE,24,1
BHS,24,0
BHR,24,1
BGD,24,1
BRB,24,1
BLR,24,1
BEL,24,1
BLZ,24,0
BEN,24,1
BTN,24,1
BOL,24,1
BIH,24,1
BWA,24,1
BRA,24,1
BRN,24,1
BGR,24,1
BFA,24,1
BDI,24,1
CPV,24,1
KHM,24,1
CMR,24,1
CAN,24,1
CAF,24,1
TCD,24,1
CHL,24,1
CHN,24,1
COL,24,1
COM,24,1
COD,24,1
COG,24,1
CRI,24,1
CIV,24,1
HRV,24,1
CUB,24,0
CYP,24,1
CZE,24,1
DNK,24,1
DJI,24,1
DOM,24,1
ECU,24,1
EGY,24,1
SLV,24,1
GNQ,24,1
ERI,24,1
EST,24,1
SWZ,24,1
ETH,24,1
FJI,24,1
FIN,24,1
FRA,24,1
GUF,24,1
PYF,24,1
GAB,24,1
GEO,24,1
DEU,24,1
GHA,24,1
GRC,24,1
GUM,24,1
GTM,24,1
GIN,24,1
GNB,24,1
GUY,24,1
HTI,24,1
HND,24,1
HUN,24,1
ISL,24,1
IND,24,1
IDN,24,1
IRN,24,1
IRQ,24,1
IRL,24,1
ISR,24,1
ITA,24,1
JAM,24,1
JPN,24,1
JOR,24,1
KAZ,24,1
KEN,24,1
PRK,24,1
KOR,24,1
KWT,24,1
KGZ,24,1
LAO,24,1
LVA,24,1
LBN,24,1
LSO,24,1
LBR,24,1
LBY,24,1
LTU,24,1
LUX,24,1
MDG,24,1
MWI,24,1
MYS,24,1
MDV,24,1
MLI,24,1
MLT,24,1
MRT,24,1
MUS,24,1
MEX,24,1
MNG,24,1
MNE,24,1
MAR,24,1
MOZ,24,1
MMR,24,1
NAM,24,1
NPL,24,1
NZL,24,1
NIC,24,1
NER,24,1
NGA,24,1
MKD,24,1
NOR,24,1
OMN,24,1
PAK,24,1
PAN,24,1
PNG,24,1
PRY,24,1
PER,24,1
PHL,24,1
POL,24,1
PRT,24,1
QAT,24,1
MDA,24,1
ROU,24,1
RUS,24,1
RWA,24,1
LCA,24,1
WSM,24,1
STP,24,1
SAU,24,1
SEN,24,1
SRB,24,1
SLE,24,1
SGP,24,1
SVK,24,1
SVN,24,1
SLB,24,1
SOM,24,1
ZAF,24,1
SSD,24,0
ESP,24,1
LKA,24,1
SDN,24,1
SUR,24,1
SWE,24,1
CHE,24,1
SYR,24,1
TJK,24,1
TZA,24,1
THA,24,1
NLD,24,1
GMB,24,1
TLS,24,1
TGO,24,1
TTO,24,1
TUN,24,1
TUR,24,1
TKM,24,1
UGA,24,1
UKR,24,1
ARE,24,1
GBR,24,1
URY,24,1
UZB,24,1
VUT,24,1
VEN,24,1
VNM,24,1
YEM,24,1
ZMB,24,1
ZWE,24,1
USA,25,1
AFG,25,1
ALB,25,1
DZA,25,1
AGO,25,1
ARG,25,1
ARM,25,1
AUS,25,1
AUT,25,1
AZE,25,1
BHS,25,1
BHR,25,1
BGD,25,1
BRB,25,1
BLR,25,1
BEL,25,1
BLZ,25,1
BEN,25,1
BTN,25,1
BOL,25,1
BIH,25,1
BWA,25,1
BRA,25,1
BRN,25,1
BGR,25,1
BFA,25,1
BDI,25,1
CPV,25,1
KHM,25,1
CMR,25,1
CAN,25,1
CAF,25,1
TCD,25,1
CHL,25,1
CHN,25,1
COL,25,1
COM,25,1
COD,25,1
COG,25,1
CRI,25,1
CIV,25,1
HRV,25,1
CUB,25,1
CYP,25,1
CZE,25,1
DNK,25,1
DJI,25,1
DOM,25,1
ECU,25,1
EGY,25,1
SLV,25,1
GNQ,25,1
ERI,25,1
EST,25,1
SWZ,25,1
ETH,25,1
FJI,25,1
FIN,25,1
FRA,25,1
GUF,25,1
PYF,25,1
GAB,25,1
GEO,25,1
DEU,25,1
GHA,25,1
GRC,25,1
GUM,25,1
GTM,25,1
GIN,25,1
GNB,25,1
GUY,25,1
HTI,25,1
HND,25,1
HUN,25,1
ISL,25,1
IND,25,1
IDN,25,1
IRN,25,1
IRQ,25,1
IRL,25,1
ISR,25,1
ITA,25,1
JAM,25,1
JPN,25,1
JOR,25,1
KAZ,25,1
KEN,25,1
PRK,25,1
KOR,25,1
KWT,25,1
KGZ,25,1
LAO,25,1
LVA,25,1
LBN,25,1
LSO,25,1
LBR,25,1
LBY,25,1
LTU,25,1
LUX,25,1
MDG,25,1
MWI,25,1
MYS,25,1
MDV,25,1
MLI,25,1
MLT,25,1
MRT,25,1
MUS,25,1
MEX,25,1
MNG,25,1
MNE,25,1
MAR,25,1
MOZ,25,1
MMR,25,1
NAM,25,1
NPL,25,1
NZL,25,1
NIC,25,1
NER,25,1
NGA,25,1
MKD,25,1
NOR,25,1
OMN,25,1
PAK,25,1
PAN,25,1
PNG,25,1
PRY,25,1
PER,25,1
PHL,25,1
POL,25,1
PRT,25,1
QAT,25,1
MDA,25,1
ROU,25,1
RUS,25,1
RWA,25,1
LCA,25,1
WSM,25,1
STP,25,1
SAU,25,1
SEN,25,1
SRB,25,1
SLE,25,1
SGP,25,1
SVK,25,1
SVN,25,1
SLB,25,1
SOM,25,1
ZAF,25,1
SSD,25,1
ESP,25,1
LKA,25,1
SDN,25,1
SUR,25,1
SWE,25,1
CHE,25,1
SYR,25,1
TJK,25,1
TZA,25,1
THA,25,1
NLD,25,1
GMB,25,1
TLS,25,1
TGO,25,1
TTO,25,1
TUN,25,1
TUR,25,1
TKM,25,1
UGA,25,1
UKR,25,1
ARE,25,1
GBR,25,1
URY,25,1
UZB,25,1
VUT,25,1
VEN,25,1
VNM,25,1
YEM,25,1
ZMB,25,1
ZWE,25,1
USA,26,1
AFG,26,1
ALB,26,1
DZA,26,1
AGO,26,1
ARG,26,1
ARM,26,1
AUS,26,1
AUT,26,1
AZE,26,1
BHS,26,1
BHR,26,1
BGD,26,1
BRB,26,1
BLR,26,1
BEL,26,1
BLZ,26,1
BEN,26,1
BTN,26,1
BOL,26,1
BIH,26,1
BWA,26,1
BRA,26,1
BRN,26,1
BGR,26,1
BFA,26,1
BDI,26,1
CPV,26,1
KHM,26,1
CMR,26,1
CAN,26,1
CAF,26,1
TCD,26,1
CHL,26,1
CHN,26,1
COL,26,1
COM,26,1
COD,26,1
COG,26,1
CRI,26,1
CIV,26,1
HRV,26,1
CUB,26,1
CYP,26,1
CZE,26,1
DNK,26,1
DJI,26,1
DOM,26,1
ECU,26,1
EGY,26,1
SLV,26,1
GNQ,26,1
ERI,26,1
EST,26,1
SWZ,26,1
ETH,26,1
FJI,26,1
FIN,26,1
FRA,26,1
GUF,26,1
PYF,26,1
GAB,26,1
GEO,26,1
DEU,26,1
GHA,26,1
GRC,26,1
GUM,26,1
GTM,26,1
GIN,26,1
GNB,26,1
GUY,26,1
HTI,26,1
HND,26,1
HUN,26,1
ISL,26,1
IND,26,1
IDN,26,1
IRN,26,1
IRQ,26,1
IRL,26,1
ISR,26,1
ITA,26,1
JAM,26,1
JPN,26,1
JOR,26,1
KAZ,26,1
KEN,26,1
PRK,26,1
KOR,26,1
KWT,26,1
KGZ,26,1
LAO,26,1
LVA,26,1
LBN,26,1
LSO,26,1
LBR,26,1
LBY,26,1
LTU,26,1
LUX,26,1
MDG,26,1
MWI,26,1
MYS,26,1
MDV,26,1
MLI,26,1
MLT,26,1
MRT,26,1
MUS,26,1
MEX,26,1
MNG,26,1
MNE,26,1
MAR,26,1
MOZ,26,1
MMR,26,1
NAM,26,1
NPL,26,1
NZL,26,1
NIC,26,1
NER,26,1
NGA,26,1
MKD,26,1
NOR,26,1
OMN,26,1
PAK,26,1
PAN,26,1
PNG,26,1
PRY,26,1
PER,26,1
PHL,26,1
POL,26,1
PRT,26,1
QAT,26,1
MDA,26,1
ROU,26,1
RUS,26,1
RWA,26,1
LCA,26,1
WSM,26,1
STP,26,1
SAU,26,1
SEN,26,1
SRB,26,1
SLE,26,1
SGP,26,1
SVK,26,1
SVN,26,1
SLB,26,1
SOM,26,1
ZAF,26,1
SSD,26,1
ESP,26,1
LKA,26,1
SDN,26,1
SUR,26,1
SWE,26,1
CHE,26,1
SYR,26,1
TJK,26,1
TZA,26,1
THA,26,1
NLD,26,1
GMB,26,1
TLS,26,1
TGO,26,1
TTO,26,1
TUN,26,1
TUR,26,1
TKM,26,1
UGA,26,1
UKR,26,1
ARE,26,1
GBR,26,1
URY,26,1
UZB,26,1
VUT,26,1
VEN,26,1
VNM,26,1
YEM,26,1
ZMB,26,1
ZWE,26,1
USA,27,1
AFG,27,1
ALB,27,1
DZA,27,1
AGO,27,1
ARG,27,1
ARM,27,1
AUS,27,1
AUT,27,1
AZE,27,1
BHS,27,1
BHR,27,1
BGD,27,1
BRB,27,1
BLR,27,1
BEL,27,1
BLZ,27,1
BEN,27,1
BTN,27,1
BOL,27,1
BIH,27,1
BWA,27,1
BRA,27,1
BRN,27,1
BGR,27,1
BFA,27,1
BDI,27,1
CPV,27,1
KHM,27,1
CMR,27,1
CAN,27,1
CAF,27,1
TCD,27,1
CHL,27,1
CHN,27,1
COL,27,1
COM,27,1
COD,27,1
COG,27,1
CRI,27,1
CIV,27,1
HRV,27,1
CUB,27,1
CYP,27,1
CZE,27,1
DNK,27,1
DJI,27,1
DOM,27,1
ECU,27,1
EGY,27,1
SLV,27,1
GNQ,27,1
ERI,27,1
EST,27,1
SWZ,27,1
ETH,27,1
FJI,27,1
FIN,27,1
FRA,27,1
GUF,27,1
PYF,27,1
GAB,27,1
GEO,27,1
DEU,27,1
GHA,27,1
GRC,27,1
GUM,27,1
GTM,27,1
GIN,27,1
GNB,27,1
GUY,27,1
HTI,27,1
HND,27,1
HUN,27,1
ISL,27,1
IND,27,1
IDN,27,1
IRN,27,1
IRQ,27,1
IRL,27,1
ISR,27,1
ITA,27,1
JAM,27,1
JPN,27,1
JOR,27,1
KAZ,27,1
KEN,27,1
PRK,27,1
KOR,27,1
KWT,27,1
KGZ,27,1
LAO,27,1
LVA,27,1
LBN,27,1
LSO,27,1
LBR,27,1
LBY,27,1
LTU,27,1
LUX,27,1
MDG,27,1
MWI,27,1
MYS,27,1
MDV,27,1
MLI,27,1
MLT,27,1
MRT,27,1
MUS,27,1
MEX,27,1
MNG,27,1
MNE,27,1
MAR,27,1
MOZ,27,1
MMR,27,1
NAM,27,1
NPL,27,1
NZL,27,1
NIC,27,1
NER,27,1
NGA,27,1
MKD,27,1
NOR,27,1
OMN,27,1
PAK,27,1
PAN,27,1
PNG,27,1
PRY,27,1
PER,27,1
PHL,27,1
POL,27,1
PRT,27,1
QAT,27,1
MDA,27,1
ROU,27,1
RUS,27,1
RWA,27,1
LCA,27,1
WSM,27,1
STP,27,1
SAU,27,1
SEN,27,1
SRB,27,1
SLE,27,1
SGP,27,1
SVK,27,1
SVN,27,1
SLB,27,1
SOM,27,1
ZAF,27,1
SSD,27,1
ESP,27,1
LKA,27,1
SDN,27,1
SUR,27,1
SWE,27,1
CHE,27,1
SYR,27,1
TJK,27,1
TZA,27,1
THA,27,1
NLD,27,1
GMB,27,1
TLS,27,1
TGO,27,1
TTO,27,1
TUN,27,1
TUR,27,1
TKM,27,1
UGA,27,1
UKR,27,1
ARE,27,1
GBR,27,1
URY,27,1
UZB,27,1
VUT,27,1
VEN,27,1
VNM,27,1
YEM,27,1
ZMB,27,1
ZWE,27,1
USA,28,1
AFG,28,1
ALB,28,1
DZA,28,1
AGO,28,1
ARG,28,1
ARM,28,1
AUS,28,1
AUT,28,1
AZE,28,1
BHS,28,1
BHR,28,1
BGD,28,1
BRB,28,1
BLR,28,1
BEL,28,1
BLZ,28,1
BEN,28,1
BTN,28,1
BOL,28,1
BIH,28,1
BWA,28,1
BRA,28,1
BRN,28,1
BGR,28,1
BFA,28,1
BDI,28,1
CPV,28,1
KHM,28,1
CMR,28,1
CAN,28,1
CAF,28,1
TCD,28,1
CHL,28,1
CHN,28,1
COL,28,1
COM,28,1
COD,28,1
COG,28,1
CRI,28,1
CIV,28,1
HRV,28,1
CUB,28,1
CYP,28,1
CZE,28,1
DNK,28,1
DJI,28,1
DOM,28,1
ECU,28,1
EGY,28,1
SLV,28,1
GNQ,28,1
ERI,28,1
EST,28,1
SWZ,28,1
ETH,28,1
FJI,28,1
FIN,28,1
FRA,28,1
GUF,28,1
PYF,28,1
GAB,28,1
GEO,28,1
DEU,28,1
GHA,28,1
GRC,28,1
GUM,28,1
GTM,28,1
GIN,28,1
GNB,28,1
GUY,28,1
HTI,28,1
HND,28,1
HUN,28,1
ISL,28,1
IND,28,1
IDN,28,1
IRN,28,1
IRQ,28,1
IRL,28,1
ISR,28,1
ITA,28,1
JAM,28,1
JPN,28,1
JOR,28,1
KAZ,28,1
KEN,28,1
PRK,28,1
KOR,28,1
KWT,28,1
KGZ,28,1
LAO,28,1
LVA,28,1
LBN,28,1
LSO,28,1
LBR,28,1
LBY,28,1
LTU,28,1
LUX,28,1
MDG,28,1
MWI,28,1
MYS,28,1
MDV,28,1
MLI,28,1
MLT,28,1
MRT,28,1
MUS,28,1
MEX,28,1
MNG,28,1
MNE,28,1
MAR,28,1
MOZ,28,1
MMR,28,1
NAM,28,1
NPL,28,1
NZL,28,1
NIC,28,1
NER,28,1
NGA,28,1
MKD,28,1
NOR,28,1
OMN,28,1
PAK,28,1
PAN,28,1
PNG,28,1
PRY,28,1
PER,28,1
PHL,28,1
POL,28,1
PRT,28,1
QAT,28,1
MDA,28,1
ROU,28,1
RUS,28,1
RWA,28,1
LCA,28,0
WSM,28,1
STP,28,1
SAU,28,1
SEN,28,1
SRB,28,1
SLE,28,1
SGP,28,1
SVK,28,1
SVN,28,1
SLB,28,1
SOM,28,1
ZAF,28,1
SSD,28,1
ESP,28,1
LKA,28,1
SDN,28,1
SUR,28,1
SWE,28,1
CHE,28,1
SYR,28,1
TJK,28,1
TZA,28,1
THA,28,1
NLD,28,1
GMB,28,1
TLS,28,1
TGO,28,1
TTO,28,1
TUN,28,1
TUR,28,1
TKM,28,1
UGA,28,1
UKR,28,1
ARE,28,1
GBR,28,1
URY,28,1
UZB,28,1
VUT,28,1
VEN,28,0
VNM,28,1
YEM,28,1
ZMB,28,1
ZWE,28,1
USA,29,1
AFG,29,1
ALB,29,1
DZA,29,1
AGO,29,1
ARG,29,1
ARM,29,1
AUS,29,1
AUT,29,1
AZE,29,1
BHS,29,1
BHR,29,1
BGD,29,1
BRB,29,1
BLR,29,1
BEL,29,1
BLZ,29,1
BEN,29,1
BTN,29,1
BOL,29,1
BIH,29,1
BWA,29,1
BRA,29,1
BRN,29,1
BGR,29,1
BFA,29,1
BDI,29,1
CPV,29,1
KHM,29,1
CMR,29,1
CAN,29,1
CAF,29,1
TCD,29,1
CHL,29,1
CHN,29,1
COL,29,1
COM,29,1
COD,29,1
COG,29,1
CRI,29,1
CIV,29,1
HRV,29,1
CUB,29,1
CYP,29,1
CZE,29,1
DNK,29,1
DJI,29,1
DOM,29,1
ECU,29,1
EGY,29,1
SLV,29,1
GNQ,29,1
ERI,29,1
EST,29,1
SWZ,29,1
ETH,29,1
FJI,29,1
FIN,29,1
FRA,29,1
GUF,29,1
PYF,29,1
GAB,29,1
GEO,29,1
DEU,29,1
GHA,29,1
GRC,29,1
GUM,29,1
GTM,29,1
GIN,29,1
GNB,29,1
GUY,29,1
HTI,29,1
HND,29,1
HUN,29,1
ISL,29,1
IND,29,1
IDN,29,1
IRN,29,1
IRQ,29,1
IRL,29,1
ISR,29,1
ITA,29,1
JAM,29,1
JPN,29,1
JOR,29,1
KAZ,29,1
KEN,29,1
PRK,29,1
KOR,29,1
KWT,29,1
KGZ,29,1
LAO,29,0
LVA,29,1
LBN,29,1
LSO,29,1
LBR,29,1
LBY,29,1
LTU,29,1
LUX,29,1
MDG,29,1
MWI,29,1
MYS,29,1
MDV,29,1
MLI,29,1
MLT,29,1
MRT,29,1
MUS,29,1
MEX,29,1
MNG,29,1
MNE,29,1
MAR,29,1
MOZ,29,1
MMR,29,1
NAM,29,1
NPL,29,1
NZL,29,1
NIC,29,1
NER,29,1
NGA,29,1
MKD,29,1
NOR,29,1
OMN,29,1
PAK,29,1
PAN,29,1
PNG,29,1
PRY,29,1
PER,29,1
PHL,29,1
POL,29,1
PRT,29,1
QAT,29,1
MDA,29,1
ROU,29,1
RUS,29,1
RWA,29,1
LCA,29,1
WSM,29,1
STP,29,1
SAU,29,1
SEN,29,1
SRB,29,1
SLE,29,1
SGP,29,1
SVK,29,1
SVN,29,1
SLB,29,1
SOM,29,1
ZAF,29,1
SSD,29,1
ESP,29,1
LKA,29,1
SDN,29,1
SUR,29,1
SWE,29,1
CHE,29,1
SYR,29,1
TJK,29,1
TZA,29,1
THA,29,1
NLD,29,1
GMB,29,1
TLS,29,1
TGO,29,1
TTO,29,1
TUN,29,1
TUR,29,1
TKM,29,1
UGA,29,1
UKR,29,1
ARE,29,1
GBR,29,1
URY,29,1
UZB,29,1
VUT,29,1
VEN,29,1
VNM,29,1
YEM,29,1
ZMB,29,1
ZWE,29,1
USA,30,1
AFG,30,1
ALB,30,1
DZA,30,1
AGO,30,1
ARG,30,1
ARM,30,1
AUS,30,1
AUT,30,1
AZE,30,1
BHS,30,1
BHR,30,1
BGD,30,1
BRB,30,1
BLR,30,1
BEL,30,1
BLZ,30,1
BEN,30,1
BTN,30,1
BOL,30,1
BIH,30,1
BWA,30,1
BRA,30,1
BRN,30,1
BGR,30,1
BFA,30,1
BDI,30,1
CPV,30,1
KHM,30,1
CMR,30,1
CAN,30,1
CAF,30,1
TCD,30,1
CHL,30,1
CHN,30,1
COL,30,1
COM,30,1
COD,30,1
COG,30,1
CRI,30,1
CIV,30,1
HRV,30,1
CUB,30,1
CYP,30,1
CZE,30,1
DNK,30,1
DJI,30,1
DOM,30,1
ECU,30,1
EGY,30,1
SLV,30,1
GNQ,30,1
ERI,30,1
EST,30,1
SWZ,30,1
ETH,30,1
FJI,30,1
FIN,30,1
FRA,30,1
GUF,30,1
PYF,30,1
GAB,30,1
GEO,30,1
DEU,30,1
GHA,30,1
GRC,30,1
GUM,30,1
GTM,30,1
GIN,30,1
GNB,30,1
GUY,30,1
HTI,30,1
HND,30,1
HUN,30,1
ISL,30,1
IND,30,1
IDN,30,1
IRN,30,1
IRQ,30,1
IRL,30,1
ISR,30,1
ITA,30,1
JAM,30,1
JPN,30,1
JOR,30,1
KAZ,30,1
KEN,30,1
PRK,30,1
KOR,30,1
KWT,30,1
KGZ,30,1
LAO,30,1
LVA,30,1
LBN,30,1
LSO,30,1
LBR,30,1
LBY,30,1
LTU,30,1
LUX,30,1
MDG,30,1
MWI,30,1
MYS,30,1
MDV,30,1
MLI,30,1
MLT,30,1
MRT,30,1
MUS,30,1
MEX,30,1
MNG,30,1
MNE,30,1
MAR,30,1
MOZ,30,1
MMR,30,1
NAM,30,1
NPL,30,1
NZL,30,1
NIC,30,1
NER,30,1
NGA,30,1
MKD,30,1
NOR,30,1
OMN,30,1
PAK,30,1
PAN,30,1
PNG,30,1
PRY,30,1
PER,30,1
PHL,30,1
POL,30,1
PRT,30,1
QAT,30,1
MDA,30,0
ROU,30,1
RUS,30,1
RWA,30,1
LCA,30,1
WSM,30,1
STP,30,1
SAU,30,1
SEN,30,1
SRB,30,1
SLE,30,1
SGP,30,1
SVK,30,1
SVN,30,1
SLB,30,1
SOM,30,1
ZAF,30,1
SSD,30,1
ESP,30,1
LKA,30,1
SDN,30,1
SUR,30,1
SWE,30,1
CHE,30,1
SYR,30,1
TJK,30,1
TZA,30,1
THA,30,1
NLD,30,1
GMB,30,1
TLS,30,1
TGO,30,1
TTO,30,1
TUN,30,1
TUR,30,1
TKM,30,1
UGA,30,1
UKR,30,1
ARE,30,1
GBR,30,1
URY,30,1
UZB,30,1
VUT,30,1
VEN,30,1
VNM,30,1
YEM,30,1
ZMB,30,1
ZWE,30,1
USA,31,1
AFG,31,1
ALB,31,1
DZA,31,1
AGO,31,1
ARG,31,1
ARM,31,1
AUS,31,1
AUT,31,1
AZE,31,1
BHS,31,1
BHR,31,1
BGD,31,1
BRB,31,1
BLR,31,1
BEL,31,1
BLZ,31,1
BEN,31,1
BTN,31,1
BOL,31,1
BIH,31,1
BWA,31,1
BRA,31,1
BRN,31,1
BGR,31,1
BFA,31,1
BDI,31,1
CPV,31,1
KHM,31,1
CMR,31,1
CAN,31,1
CAF,31,1
TCD,31,1
CHL,31,1
CHN,31,1
COL,31,1
COM,31,1
COD,31,1
COG,31,1
CRI,31,1
CIV,31,1
HRV,31,1
CUB,31,1
CYP,31,1
CZE,31,1
DNK,31,1
DJI,31,1
DOM,31,1
ECU,31,1
EGY,31,1
SLV,31,1
GNQ,31,1
ERI,31,1
EST,31,1
SWZ,31,1
ETH,31,1
FJI,31,1
FIN,31,1
FRA,31,1
GUF,31,1
PYF,31,1
GAB,31,1
GEO,31,1
DEU,31,1
GHA,31,1
GRC,31,1
GUM,31,1
GTM,31,1
GIN,31,1
GNB,31,1
GUY,31,1
HTI,31,1
HND,31,1
HUN,31,1
ISL,31,1
IND,31,1
IDN,31,1
IRN,31,1
IRQ,31,1
IRL,31,1
ISR,31,1
ITA,31,1
JAM,31,1
JPN,31,1
JOR,31,1
KAZ,31,1
KEN,31,1
PRK,31,1
KOR,31,1
KWT,31,1
KGZ,31,1
LAO,31,1
LVA,31,1
LBN,31,1
LSO,31,1
LBR,31,1
LBY,31,1
LTU,31,1
LUX,31,1
MDG,31,1
MWI,31,1
MYS,31,1
MDV,31,1
MLI,31,1
MLT,31,1
MRT,31,1
MUS,31,1
MEX,31,1
MNG,31,0
MNE,31,1
MAR,31,1
MOZ,31,1
MMR,31,1
NAM,31,1
NPL,31,1
NZL,31,1
NIC,31,1
NER,31,1
NGA,31,1
MKD,31,1
NOR,31,1
OMN,31,1
PAK,31,1
PAN,31,1
PNG,31,1
PRY,31,1
PER,31,1
PHL,31,1
POL,31,1
PRT,31,1
QAT,31,1
MDA,31,1
ROU,31,1
RUS,31,1
RWA,31,1
LCA,31,1
WSM,31,1
STP,31,1
SAU,31,1
SEN,31,1
SRB,31,1
SLE,31,1
SGP,31,1
SVK,31,1
SVN,31,1
SLB,31,1
SOM,31,1
ZAF,31,1
SSD,31,1
ESP,31,1
LKA,31,1
SDN,31,1
SUR,31,1
SWE,31,1
CHE,31,1
SYR,31,1
TJK,31,1
TZA,31,1
THA,31,1
NLD,31,1
GMB,31,1
TLS,31,1
TGO,31,1
TTO,31,1
TUN,31,1
TUR,31,1
TKM,31,1
UGA,31,1
UKR,31,1
ARE,31,1
GBR,31,1
URY,31,1
UZB,31,1
VUT,31,1
VEN,31,1
VNM,31,1
YEM,31,1
ZMB,31,1
ZWE,31,1
USA,32,1
AFG,32,1
ALB,32,1
DZA,32,1
AGO,32,1
ARG,32,1
ARM,32,1
AUS,32,1
AUT,32,1
AZE,32,1
BHS,32,1
BHR,32,1
BGD,32,1
BRB,32,1
BLR,32,1
BEL,32,1
BLZ,32,1
BEN,32,1
BTN,32,1
BOL,32,1
BIH,32,1
BWA,32,1
BRA,32,1
BRN,32,1
BGR,32,1
BFA,32,1
BDI,32,1
CPV,32,1
KHM,32,1
CMR,32,1
CAN,32,1
CAF,32,1
TCD,32,1
CHL,32,1
CHN,32,1
COL,32,1
COM,32,1
COD,32,1
COG,32,1
CRI,32,1
CIV,32,1
HRV,32,1
CUB,32,1
CYP,32,1
CZE,32,1
DNK,32,1
DJI,32,1
DOM,32,1
ECU,32,1
EGY,32,1
SLV,32,1
GNQ,32,1
ERI,32,1
EST,32,1
SWZ,32,1
ETH,32,1
FJI,32,1
FIN,32,1
FRA,32,1
GUF,32,1
PYF,32,1
GAB,32,1
GEO,32,1
DEU,32,1
GHA,32,1
GRC,32,1
GUM,32,1
GTM,32,1
GIN,32,1
GNB,32,1
GUY,32,1
HTI,32,1
HND,32,1
HUN,32,1
ISL,32,1
IND,32,1
IDN,32,1
IRN,32,1
IRQ,32,1
IRL,32,1
ISR,32,1
ITA,32,1
JAM,32,1
JPN,32,1
JOR,32,1
KAZ,32,1
KEN,32,1
PRK,32,1
KOR,32,1
KWT,32,1
KGZ,32,1
LAO,32,1
LVA,32,1
LBN,32,1
LSO,32,1
LBR,32,1
LBY,32,1
LTU,32,1
LUX,32,1
MDG,32,1
MWI,32,1
MYS,32,1
MDV,32,1
MLI,32,1
MLT,32,1
MRT,32,1
MUS,32,1
MEX,32,1
MNG,32,1
MNE,32,1
MAR,32,1
MOZ,32,1
MMR,32,1
NAM,32,1
NPL,32,1
NZL,32,1
NIC,32,1
NER,32,1
NGA,32,1
MKD,32,1
NOR,32,1
OMN,32,1
PAK,32,1
PAN,32,1
PNG,32,1
PRY,32,1
PER,32,1
PHL,32,1
POL,32,1
PRT,32,1
QAT,32,1
MDA,32,1
ROU,32,1
RUS,32,1
RWA,32,1
LCA,32,1
WSM,32,1
STP,32,1
SAU,32,1
SEN,32,1
SRB,32,1
SLE,32,1
SGP,32,1
SVK,32,1
SVN,32,1
SLB,32,1
SOM,32,1
ZAF,32,1
SSD,32,1
ESP,32,1
LKA,32,1
SDN,32,1
SUR,32,1
SWE,32,1
CHE,32,1
SYR,32,1
TJK,32,1
TZA,32,1
THA,32,1
NLD,32,1
GMB,32,1
TLS,32,1
TGO,32,1
TTO,32,1
TUN,32,1
TUR,32,1
TKM,32,1
UGA,32,1
UKR,32,1
ARE,32,1
GBR,32,1
URY,32,1
UZB,32,1
VUT,32,1
VEN,32,1
VNM,32,1
YEM,32,1
ZMB,32,1
ZWE,32,1
USA,33,1
AFG,33,1
ALB,33,1
DZA,33,1
AGO,33,1
ARG,33,1
ARM,33,1
AUS,33,1
AUT,33,1
AZE,33,1
BHS,33,1
BHR,33,1
BGD,33,1
BRB,33,1
BLR,33,1
BEL,33,1
BLZ,33,1
BEN,33,1
BTN,33,1
BOL,33,1
BIH,33,1
BWA,33,1
BRA,33,1
BRN,33,1
BGR,33,1
BFA,33,1
BDI,33,1
CPV,33,1
KHM,33,1
CMR,33,1
CAN,33,1
CAF,33,1
TCD,33,1
CHL,33,1
CHN,33,0
COL,33,1
COM,33,1
COD,33,1
COG,33,1
CRI,33,1
CIV,33,1
HRV,33,1
CUB,33,1
CYP,33,1
CZE,33,1
DNK,33,1
DJI,33,1
DOM,33,1
ECU,33,1
EGY,33,1
SLV,33,1
GNQ,33,1
ERI,33,1
EST,33,1
SWZ,33,1
ETH,33,1
FJI,33,1
FIN,33,1
FRA,33,1
GUF,33,1
PYF,33,1
GAB,33,1
GEO,33,1
DEU,33,1
GHA,33,1
GRC,33,1
GUM,33,1
GTM,33,1
GIN,33,1
GNB,33,1
GUY,33,1
HTI,33,1
HND,33,1
HUN,33,1
ISL,33,1
IND,33,1
IDN,33,1
IRN,33,1
IRQ,33,1
IRL,33,1
ISR,33,1
ITA,33,1
JAM,33,1
JPN,33,1
JOR,33,1
KAZ,33,1
KEN,33,1
PRK,33,0
KOR,33,1
KWT,33,1
KGZ,33,1
LAO,33,1
LVA,33,1
LBN,33,1
LSO,33,1
LBR,33,1
LBY,33,1
LTU,33,1
LUX,33,1
MDG,33,1
MWI,33,1
MYS,33,1
MDV,33,1
MLI,33,1
MLT,33,1
MRT,33,1
MUS,33,1
MEX,33,1
MNG,33,1
MNE,33,1
MAR,33,1
MOZ,33,1
MMR,33,1
NAM,33,1
NPL,33,1
NZL,33,1
NIC,33,1
NER,33,1
NGA,33,1
MKD,33,1
NOR,33,1
OMN,33,1
PAK,33,1
PAN,33,1
PNG,33,1
PRY,33,1
PER,33,1
PHL,33,1
POL,33,1
PRT,33,1
QAT,33,1
MDA,33,1
ROU,33,1
RUS,33,1
RWA,33,1
LCA,33,1
WSM,33,1
STP,33,1
SAU,33,1
SEN,33,1
SRB,33,1
SLE,33,1
SGP,33,1
SVK,33,1
SVN,33,1
SLB,33,1
SOM,33,1
ZAF,33,1
SSD,33,1
ESP,33,1
LKA,33,1
SDN,33,1
SUR,33,1
SWE,33,1
CHE,33,1
SYR,33,1
TJK,33,1
TZA,33,1
THA,33,1
NLD,33,1
GMB,33,1
TLS,33,1
TGO,33,1
TTO,33,1
TUN,33,1
TUR,33,1
TKM,33,1
UGA,33,1
UKR,33,1
ARE,33,1
GBR,33,1
URY,33,1
UZB,33,1
VUT,33,1
VEN,33,1
VNM,33,1
YEM,33,1
ZMB,33,1
ZWE,33,0
USA,34,1
AFG,34,1
ALB,34,1
DZA,34,1
AGO,34,1
ARG,34,1
ARM,34,1
AUS,34,1
AUT,34,1
AZE,34,1
BHS,34,1
BHR,34,1
BGD,34,1
BRB,34,1
BLR,34,1
BEL,34,1
BLZ,34,1
BEN,34,1
BTN,34,1
BOL,34,1
BIH,34,1
BWA,34,1
BRA,34,1
BRN,34,1
BGR,34,1
BFA,34,1
BDI,34,1
CPV,34,1
KHM,34,1
CMR,34,1
CAN,34,1
CAF,34,1
TCD,34,1
CHL,34,1
CHN,34,1
COL,34,1
COM,34,1
COD,34,1
COG,34,1
CRI,34,1
CIV,34,1
HRV,34,1
CUB,34,1
CYP,34,1
CZE,34,1
DNK,34,1
DJI,34,1
DOM,34,1
ECU,34,1
EGY,34,1
SLV,34,0
GNQ,34,1
ERI,34,1
EST,34,1
SWZ,34,1
ETH,34,1
FJI,34,1
FIN,34,1
FRA,34,1
GUF,34,1
PYF,34,1
GAB,34,1
GEO,34,1
DEU,34,1
GHA,34,1
GRC,34,1
GUM,34,1
GTM,34,1
GIN,34,1
GNB,34,1
GUY,34,1
HTI,34,1
HND,34,1
HUN,34,1
ISL,34,1
IND,34,1
IDN,34,1
IRN,34,1
IRQ,34,1
IRL,34,1
ISR,34,1
ITA,34,1
JAM,34,1
JPN,34,1
JOR,34,1
KAZ,34,1
KEN,34,1
PRK,34,1
KOR,34,1
KWT,34,1
KGZ,34,1
LAO,34,1
LVA,34,1
LBN,34,1
LSO,34,1
LBR,34,1
LBY,34,1
LTU,34,1
LUX,34,1
MDG,34,1
MWI,34,1
MYS,34,1
MDV,34,1
MLI,34,1
MLT,34,1
MRT,34,1
MUS,34,1
MEX,34,1
MNG,34,1
MNE,34,1
MAR,34,1
MOZ,34,1
MMR,34,1
NAM,34,1
NPL,34,1
NZL,34,1
NIC,34,1
NER,34,1
NGA,34,1
MKD,34,0
NOR,34,1
OMN,34,1
PAK,34,1
PAN,34,1
PNG,34,1
PRY,34,1
PER,34,1
PHL,34,1
POL,34,1
PRT,34,1
QAT,34,1
MDA,34,0
ROU,34,1
RUS,34,1
RWA,34,1
LCA,34,1
WSM,34,1
STP,34,1
SAU,34,1
SEN,34,1
SRB,34,1
SLE,34,1
SGP,34,1
SVK,34,1
SVN,34,1
SLB,34,1
SOM,34,1
ZAF,34,1
SSD,34,1
ESP,34,1
LKA,34,1
SDN,34,1
SUR,34,1
SWE,34,1
CHE,34,1
SYR,34,1
TJK,34,1
TZA,34,1
THA,34,1
NLD,34,1
GMB,34,1
TLS,34,1
TGO,34,1
TTO,34,1
TUN,34,1
TUR,34,1
TKM,34,1
UGA,34,1
UKR,34,1
ARE,34,1
GBR,34,1
URY,34,1
UZB,34,1
VUT,34,1
VEN,34,1
VNM,34,1
YEM,34,1
ZMB,34,1
ZWE,34,1
USA,35,1
AFG,35,1
ALB,35,1
DZA,35,1
AGO,35,1
ARG,35,1
ARM,35,1
AUS,35,1
AUT,35,1
AZE,35,1
BHS,35,1
BHR,35,1
BGD,35,1
BRB,35,1
BLR,35,1
BEL,35,1
BLZ,35,1
BEN,35,1
BTN,35,1
BOL,35,1
BIH,35,1
BWA,35,1
BRA,35,1
BRN,35,1
BGR,35,1
BFA,35,1
BDI,35,1
CPV,35,1
KHM,35,1
CMR,35,1
CAN,35,1
CAF,35,1
TCD,35,1
CHL,35,1
CHN,35,1
COL,35,1
COM,35,1
COD,35,1
COG,35,1
CRI,35,1
CIV,35,1
HRV,35,1
CUB,35,1
CYP,35,1
CZE,35,1
DNK,35,1
DJI,35,1
DOM,35,1
ECU,35,1
EGY,35,1
SLV,35,1
GNQ,35,1
ERI,35,1
EST,35,1
SWZ,35,1
ETH,35,1
FJI,35,1
FIN,35,1
FRA,35,1
GUF,35,1
PYF,35,1
GAB,35,1
GEO,35,1
DEU,35,1
GHA,35,1
GRC,35,1
GUM,35,1
GTM,35,1
GIN,35,1
GNB,35,1
GUY,35,1
HTI,35,1
HND,35,1
HUN,35,1
ISL,35,1
IND,35,1
IDN,35,1
IRN,35,1
IRQ,35,1
IRL,35,1
ISR,35,1
ITA,35,1
JAM,35,1
JPN,35,1
JOR,35,1
KAZ,35,1
KEN,35,1
PRK,35,0
KOR,35,1
KWT,35,1
KGZ,35,1
LAO,35,1
LVA,35,1
LBN,35,1
LSO,35,1
LBR,35,1
LBY,35,1
LTU,35,1
LUX,35,1
MDG,35,1
MWI,35,1
MYS,35,1
MDV,35,1
MLI,35,1
MLT,35,1
MRT,35,1
MUS,35,1
MEX,35,1
MNG,35,1
MNE,35,1
MAR,35,1
MOZ,35,1
MMR,35,1
NAM,35,1
NPL,35,1
NZL,35,1
NIC,35,1
NER,35,1
NGA,35,1
MKD,35,1
NOR,35,1
OMN,35,1
PAK,35,1
PAN,35,1
PNG,35,1
PRY,35,1
PER,35,1
PHL,35,1
POL,35,1
PRT,35,1
QAT,35,1
MDA,35,1
ROU,35,1
RUS,35,1
RWA,35,1
LCA,35,1
WSM,35,1
STP,35,1
SAU,35,1
SEN,35,1
SRB,35,1
SLE,35,1
SGP,35,1
SVK,35,1
SVN,35,1
SLB,35,1
SOM,35,1
ZAF,35,1
SSD,35,1
ESP,35,1
LKA,35,1
SDN,35,1
SUR,35,1
SWE,35,1
CHE,35,1
SYR,35,1
TJK,35,1
TZA,35,1
THA,35,1
NLD,35,1
GMB,35,1
TLS,35,1
TGO,35,1
TTO,35,1
TUN,35,1
TUR,35,1
TKM,35,1
UGA,35,1
UKR,35,1
ARE,35,1
GBR,35,1
URY,35,1
UZB,35,1
VUT,35,1
VEN,35,1
VNM,35,1
YEM,35,1
ZMB,35,1
ZWE,35,1
USA,36,1
AFG,36,1
ALB,36,1
DZA,36,1
AGO,36,1
ARG,36,1
ARM,36,1
AUS,36,1
AUT,36,1
AZE,36,1
BHS,36,1
BHR,36,1
BGD,36,1
BRB,36,1
BLR,36,1
BEL,36,1
BLZ,36,1
BEN,36,1
BTN,36,1
BOL,36,1
BIH,36,1
BWA,36,1
BRA,36,1
BRN,36,1
BGR,36,1
BFA,36,1
BDI,36,1
CPV,36,1
KHM,36,1
CMR,36,1
CAN,36,1
CAF,36,1
TCD,36,1
CHL,36,1
CHN,36,1
COL,36,1
COM,36,0
COD,36,1
COG,36,1
CRI,36,1
CIV,36,1
HRV,36,1
CUB,36,1
CYP,36,1
CZE,36,1
DNK,36,1
DJI,36,1
DOM,36,1
ECU,36,1
EGY,36,1
SLV,36,1
GNQ,36,1
ERI,36,1
EST,36,1
SWZ,36,1
ETH,36,1
FJI,36,1
FIN,36,1
FRA,36,1
GUF,36,1
PYF,36,1
GAB,36,1
GEO,36,1
DEU,36,1
GHA,36,1
GRC,36,1
GUM,36,1
GTM,36,1
GIN,36,1
GNB,36,1
GUY,36,1
HTI,36,1
HND,36,1
HUN,36,1
ISL,36,1
IND,36,1
IDN,36,1
IRN,36,1
IRQ,36,1
IRL,36,1
ISR,36,1
ITA,36,1
JAM,36,1
JPN,36,1
JOR,36,1
KAZ,36,1
KEN,36,1
PRK,36,1
KOR,36,1
KWT,36,1
KGZ,36,1
LAO,36,1
LVA,36,1
LBN,36,1
LSO,36,1
LBR,36,1
LBY,36,1
LTU,36,1
LUX,36,1
MDG,36,1
MWI,36,1
MYS,36,1
MDV,36,1
MLI,36,1
MLT,36,1
MRT,36,1
MUS,36,1
MEX,36,1
MNG,36,1
MNE,36,1
MAR,36,1
MOZ,36,1
MMR,36,1
NAM,36,1
NPL,36,1
NZL,36,1
NIC,36,1
NER,36,1
NGA,36,1
MKD,36,1
NOR,36,1
OMN,36,1
PAK,36,1
PAN,36,1
PNG,36,1
PRY,36,1
PER,36,1
PHL,36,1
POL,36,1
PRT,36,1
QAT,36,1
MDA,36,1
ROU,36,1
RUS,36,1
RWA,36,1
LCA,36,1
WSM,36,1
STP,36,1
SAU,36,1
SEN,36,1
SRB,36,1
SLE,36,1
SGP,36,1
SVK,36,1
SVN,36,1
SLB,36,1
SOM,36,1
ZAF,36,1
SSD,36,1
ESP,36,1
LKA,36,1
SDN,36,1
SUR,36,1
SWE,36,1
CHE,36,1
SYR,36,1
TJK,36,1
TZA,36,1
THA,36,1
NLD,36,1
GMB,36,1
TLS,36,1
TGO,36,1
TTO,36,1
TUN,36,1
TUR,36,1
TKM,36,1
UGA,36,1
UKR,36,1
ARE,36,1
GBR,36,1
URY,36,1
UZB,36,1
VUT,36,1
VEN,36,1
VNM,36,1
YEM,36,1
ZMB,36,1
ZWE,36,1
USA,37,1
AFG,37,1
ALB,37,1
DZA,37,1
AGO,37,1
ARG,37,1
ARM,37,1
AUS,37,1
AUT,37,1
AZE,37,1
BHS,37,1
BHR,37,1
BGD,37,1
BRB,37,1
BLR,37,1
BEL,37,1
BLZ,37,1
BEN,37,1
BTN,37,1
BOL,37,1
BIH,37,1
BWA,37,1
BRA,37,1
BRN,37,1
BGR,37,1
BFA,37,1
BDI,37,1
CPV,37,1
KHM,37,1
CMR,37,1
CAN,37,1
CAF,37,1
TCD,37,1
CHL,37,1
CHN,37,1
COL,37,1
COM,37,1
COD,37,1
COG,37,1
CRI,37,1
CIV,37,1
HRV,37,1
CUB,37,0
CYP,37,1
CZE,37,1
DNK,37,1
DJI,37,1
DOM,37,1
ECU,37,1
EGY,37,1
SLV,37,1
GNQ,37,1
ERI,37,1
EST,37,1
SWZ,37,1
ETH,37,1
FJI,37,1
FIN,37,1
FRA,37,1
GUF,37,1
PYF,37,1
GAB,37,1
GEO,37,1
DEU,37,1
GHA,37,1
GRC,37,1
GUM,37,1
GTM,37,1
GIN,37,1
GNB,37,1
GUY,37,1
HTI,37,1
HND,37,1
HUN,37,1
ISL,37,1
IND,37,1
IDN,37,1
IRN,37,1
IRQ,37,1
IRL,37,1
ISR,37,1
ITA,37,1
JAM,37,1
JPN,37,1
JOR,37,1
KAZ,37,1
KEN,37,1
PRK,37,1
KOR,37,1
KWT,37,1
KGZ,37,1
LAO,37,1
LVA,37,1
LBN,37,1
LSO,37,1
LBR,37,1
LBY,37,1
LTU,37,1
LUX,37,1
MDG,37,1
MWI,37,1
MYS,37,1
MDV,37,1
MLI,37,1
MLT,37,1
MRT,37,1
MUS,37,1
MEX,37,1
MNG,37,1
MNE,37,1
MAR,37,1
MOZ,37,1
MMR,37,1
NAM,37,1
NPL,37,1
NZL,37,1
NIC,37,1
NER,37,1
NGA,37,1
MKD,37,1
NOR,37,1
OMN,37,1
PAK,37,1
PAN,37,1
PNG,37,1
PRY,37,1
PER,37,1
PHL,37,1
POL,37,1
PRT,37,1
QAT,37,1
MDA,37,1
ROU,37,1
RUS,37,1
RWA,37,1
LCA,37,1
WSM,37,1
STP,37,1
SAU,37,1
SEN,37,1
SRB,37,1
SLE,37,1
SGP,37,1
SVK,37,1
SVN,37,1
SLB,37,1
SOM,37,1
ZAF,37,1
SSD,37,1
ESP,37,1
LKA,37,1
SDN,37,1
SUR,37,1
SWE,37,1
CHE,37,1
SYR,37,1
TJK,37,1
TZA,37,1
THA,37,1
NLD,37,1
GMB,37,1
TLS,37,1
TGO,37,1
TTO,37,1
TUN,37,1
TUR,37,1
TKM,37,1
UGA,37,1
UKR,37,1
ARE,37,1
GBR,37,1
URY,37,1
UZB,37,1
VUT,37,1
VEN,37,1
VNM,37,1
YEM,37,1
ZMB,37,1
ZWE,37,1
USA,38,1
AFG,38,1
ALB,38,1
DZA,38,1
AGO,38,1
ARG,38,1
ARM,38,1
AUS,38,1
AUT,38,1
AZE,38,1
BHS,38,1
BHR,38,1
BGD,38,1
BRB,38,1
BLR,38,1
BEL,38,1
BLZ,38,1
BEN,38,1
BTN,38,1
BOL,38,1
BIH,38,1
BWA,38,1
BRA,38,1
BRN,38,1
BGR,38,1
BFA,38,1
BDI,38,1
CPV,38,1
KHM,38,1
CMR,38,1
CAN,38,1
CAF,38,1
TCD,38,1
CHL,38,1
CHN,38,1
COL,38,1
COM,38,1
COD,38,1
COG,38,1
CRI,38,1
CIV,38,1
HRV,38,1
CUB,38,1
CYP,38,1
CZE,38,1
DNK,38,1
DJI,38,1
DOM,38,1
ECU,38,1
EGY,38,1
SLV,38,1
GNQ,38,1
ERI,38,1
EST,38,1
SWZ,38,1
ETH,38,1
FJI,38,1
FIN,38,1
FRA,38,1
GUF,38,1
PYF,38,1
GAB,38,1
GEO,38,1
DEU,38,1
GHA,38,1
GRC,38,1
GUM,38,1
GTM,38,0
GIN,38,1
GNB,38,1
GUY,38,1
HTI,38,1
HND,38,1
HUN,38,1
ISL,38,1
IND,38,1
IDN,38,1
IRN,38,1
IRQ,38,1
IRL,38,1
ISR,38,1
ITA,38,1
JAM,38,1
JPN,38,1
JOR,38,1
KAZ,38,1
KEN,38,1
PRK,38,1
KOR,38,1
KWT,38,1
KGZ,38,1
LAO,38,1
LVA,38,1
LBN,38,1
LSO,38,1
LBR,38,1
LBY,38,1
LTU,38,1
LUX,38,1
MDG,38,1
MWI,38,1
MYS,38,1
MDV,38,1
MLI,38,1
MLT,38,1
MRT,38,1
MUS,38,1
MEX,38,1
MNG,38,1
MNE,38,1
MAR,38,1
MOZ,38,1
MMR,38,1
NAM,38,1
NPL,38,1
NZL,38,1
NIC,38,1
NER,38,1
NGA,38,1
MKD,38,1
NOR,38,1
OMN,38,1
PAK,38,1
PAN,38,1
PNG,38,1
PRY,38,1
PER,38,1
PHL,38,1
POL,38,1
PRT,38,1
QAT,38,1
MDA,38,1
ROU,38,1
RUS,38,1
RWA,38,1
LCA,38,1
WSM,38,1
STP,38,1
SAU,38,1
SEN,38,1
SRB,38,1
SLE,38,1
SGP,38,1
SVK,38,1
SVN,38,1
SLB,38,1
SOM,38,1
ZAF,38,1
SSD,38,1
ESP,38,1
LKA,38,1
SDN,38,1
SUR,38,1
SWE,38,1
CHE,38,1
SYR,38,1
TJK,38,1
TZA,38,1
THA,38,1
NLD,38,1
GMB,38,1
TLS,38,1
TGO,38,1
TTO,38,1
TUN,38,1
TUR,38,1
TKM,38,1
UGA,38,1
UKR,38,1
ARE,38,1
GBR,38,1
URY,38,1
UZB,38,1
VUT,38,1
VEN,38,1
VNM,38,1
YEM,38,1
ZMB,38,1
ZWE,38,0
USA,39,1
AFG,39,1
ALB,39,1
DZA,39,1
AGO,39,1
ARG,39,1
ARM,39,1
AUS,39,1
AUT,39,1
AZE,39,1
BHS,39,1
BHR,39,1
BGD,39,1
BRB,39,1
BLR,39,1
BEL,39,1
BLZ,39,1
BEN,39,1
BTN,39,1
BOL,39,1
BIH,39,1
BWA,39,1
BRA,39,1
BRN,39,1
BGR,39,1
BFA,39,1
BDI,39,1
CPV,39,1
KHM,39,1
CMR,39,1
CAN,39,1
CAF,39,1
TCD,39,1
CHL,39,0
CHN,39,1
COL,39,1
COM,39,1
COD,39,1
COG,39,1
CRI,39,1
CIV,39,1
HRV,39,1
CUB,39,1
CYP,39,1
CZE,39,0
DNK,39,1
DJI,39,1
DOM,39,1
ECU,39,1
EGY,39,1
SLV,39,1
GNQ,39,1
ERI,39,1
EST,39,1
SWZ,39,1
ETH,39,1
FJI,39,1
FIN,39,1
FRA,39,1
GUF,39,1
PYF,39,1
GAB,39,1
GEO,39,1
DEU,39,1
GHA,39,1
GRC,39,1
GUM,39,1
GTM,39,1
GIN,39,1
GNB,39,1
GUY,39,1
HTI,39,1
HND,39,1
HUN,39,1
ISL,39,1
IND,39,1
IDN,39,1
IRN,39,1
IRQ,39,1
IRL,39,1
ISR,39,1
ITA,39,1
JAM,39,1
JPN,39,1
JOR,39,1
KAZ,39,1
KEN,39,1
PRK,39,1
KOR,39,1
KWT,39,1
KGZ,39,1
LAO,39,1
LVA,39,1
LBN,39,1
LSO,39,1
LBR,39,1
LBY,39,1
LTU,39,1
LUX,39,1
MDG,39,1
MWI,39,1
MYS,39,1
MDV,39,1
MLI,39,1
MLT,39,1
MRT,39,1
MUS,39,1
MEX,39,1
MNG,39,1
MNE,39,1
MAR,39,1
MOZ,39,1
MMR,39,1
NAM,39,1
NPL,39,0
NZL,39,1
NIC,39,1
NER,39,1
NGA,39,1
MKD,39,1
NOR,39,1
OMN,39,1
PAK,39,1
PAN,39,1
PNG,39,1
PRY,39,1
PER,39,1
PHL,39,1
POL,39,1
PRT,39,1
QAT,39,1
MDA,39,1
ROU,39,1
RUS,39,1
RWA,39,1
LCA,39,1
WSM,39,1
STP,39,1
SAU,39,1
SEN,39,1
SRB,39,1
SLE,39,1
SGP,39,1
SVK,39,1
SVN,39,1
SLB,39,1
SOM,39,1
ZAF,39,1
SSD,39,1
ESP,39,1
LKA,39,1
SDN,39,1
SUR,39,1
SWE,39,1
CHE,39,1
SYR,39,1
TJK,39,1
TZA,39,1
THA,39,1
NLD,39,1
GMB,39,1
TLS,39,1
TGO,39,1
TTO,39,1
TUN,39,1
TUR,39,1
TKM,39,1
UGA,39,1
UKR,39,1
ARE,39,1
GBR,39,1
URY,39,1
UZB,39,1
VUT,39,1
VEN,39,1
VNM,39,1
YEM,39,1
ZMB,39,1
ZWE,39,0
USA,40,1
AFG,40,1
ALB,40,1
DZA,40,1
AGO,40,1
ARG,40,1
ARM,40,1
AUS,40,1
AUT,40,1
AZE,40,1
BHS,40,1
BHR,40,1
BGD,40,1
BRB,40,1
BLR,40,1
BEL,40,1
BLZ,40,1
BEN,40,1
BTN,40,1
BOL,40,1
BIH,40,1
BWA,40,1
BRA,40,1
BRN,40,1
BGR,40,1
BFA,40,1
BDI,40,1
CPV,40,1
KHM,40,0
CMR,40,1
CAN,40,1
CAF,40,1
TCD,40,1
CHL,40,1
CHN,40,1
COL,40,1
COM,40,1
COD,40,1
COG,40,1
CRI,40,1
CIV,40,1
HRV,40,1
CUB,40,1
CYP,40,1
CZE,40,1
DNK,40,1
DJI,40,1
DOM,40,1
ECU,40,1
EGY,40,1
SLV,40,1
GNQ,40,1
ERI,40,1
EST,40,1
SWZ,40,1
ETH,40,1
FJI,40,1
FIN,40,1
FRA,40,1
GUF,40,1
PYF,40,1
GAB,40,1
GEO,40,1
DEU,40,1
GHA,40,1
GRC,40,1
GUM,40,1
GTM,40,1
GIN,40,1
GNB,40,1
GUY,40,1
HTI,40,1
HND,40,1
HUN,40,1
ISL,40,1
IND,40,1
IDN,40,1
IRN,40,1
IRQ,40,1
IRL,40,1
ISR,40,1
ITA,40,1
JAM,40,1
JPN,40,1
JOR,40,1
KAZ,40,1
KEN,40,1
PRK,40,1
KOR,40,1
KWT,40,1
KGZ,40,1
LAO,40,1
LVA,40,1
LBN,40,1
LSO,40,1
LBR,40,1
LBY,40,1
LTU,40,1
LUX,40,1
MDG,40,1
MWI,40,1
MYS,40,1
MDV,40,1
MLI,40,1
MLT,40,1
MRT,40,1
MUS,40,1
MEX,40,1
MNG,40,1
MNE,40,1
MAR,40,1
MOZ,40,1
MMR,40,1
NAM,40,1
NPL,40,1
NZL,40,1
NIC,40,1
NER,40,1
NGA,40,1
MKD,40,1
NOR,40,1
OMN,40,1
PAK,40,1
PAN,40,1
PNG,40,1
PRY,40,1
PER,40,1
PHL,40,1
POL,40,1
PRT,40,1
QAT,40,1
MDA,40,1
ROU,40,1
RUS,40,1
RWA,40,1
LCA,40,1
WSM,40,1
STP,40,1
SAU,40,1
SEN,40,1
SRB,40,1
SLE,40,1
SGP,40,1
SVK,40,1
SVN,40,1
SLB,40,1
SOM,40,1
ZAF,40,1
SSD,40,1
ESP,40,1
LKA,40,1
SDN,40,1
SUR,40,1
SWE,40,1
CHE,40,1
SYR,40,1
TJK,40,1
TZA,40,1
THA,40,1
NLD,40,1
GMB,40,1
TLS,40,1
TGO,40,1
TTO,40,1
TUN,40,1
TUR,40,1
TKM,40,1
UGA,40,1
UKR,40,1
ARE,40,1
GBR,40,1
URY,40,1
UZB,40,1
VUT,40,1
VEN,40,1
VNM,40,1
YEM,40,1
ZMB,40,1
ZWE,40,1
USA,41,1
AFG,41,1
ALB,41,1
DZA,41,1
AGO,41,1
ARG,41,1
ARM,41,1
AUS,41,1
AUT,41,1
AZE,41,1
BHS,41,1
BHR,41,1
BGD,41,1
BRB,41,1
BLR,41,1
BEL,41,1
BLZ,41,1
BEN,41,1
BTN,41,1
BOL,41,1
BIH,41,0
BWA,41,1
BRA,41,1
BRN,41,1
BGR,41,1
BFA,41,1
BDI,41,1
CPV,41,1
KHM,41,1
CMR,41,1
CAN,41,1
CAF,41,1
TCD,41,1
CHL,41,1
CHN,41,1
COL,41,1
COM,41,1
COD,41,1
COG,41,1
CRI,41,1
CIV,41,1
HRV,41,1
CUB,41,1
CYP,41,1
CZE,41,1
DNK,41,1
DJI,41,1
DOM,41,1
ECU,41,1
EGY,41,1
SLV,41,1
GNQ,41,1
ERI,41,1
EST,41,1
SWZ,41,1
ETH,41,1
FJI,41,1
FIN,41,1
FRA,41,0
GUF,41,1
PYF,41,1
GAB,41,1
GEO,41,1
DEU,41,1
GHA,41,1
GRC,41,1
GUM,41,1
GTM,41,1
GIN,41,1
GNB,41,1
GUY,41,1
HTI,41,1
HND,41,1
HUN,41,1
ISL,41,1
IND,41,1
IDN,41,1
IRN,41,1
IRQ,41,1
IRL,41,1
ISR,41,1
ITA,41,1
JAM,41,1
JPN,41,1
JOR,41,1
KAZ,41,1
KEN,41,1
PRK,41,1
KOR,41,1
KWT,41,1
KGZ,41,1
LAO,41,1
LVA,41,1
LBN,41,1
LSO,41,1
LBR,41,1
LBY,41,1
LTU,41,1
LUX,41,1
MDG,41,1
MWI,41,1
MYS,41,1
MDV,41,1
MLI,41,1
MLT,41,1
MRT,41,1
MUS,41,1
MEX,41,1
MNG,41,1
MNE,41,1
MAR,41,1
MOZ,41,1
MMR,41,1
NAM,41,1
NPL,41,1
NZL,41,1
NIC,41,1
NER,41,1
NGA,41,1
MKD,41,1
NOR,41,1
OMN,41,1
PAK,41,1
PAN,41,1
PNG,41,1
PRY,41,1
PER,41,1
PHL,41,1
POL,41,1
PRT,41,1
QAT,41,1
MDA,41,1
ROU,41,1
RUS,41,1
RWA,41,1
LCA,41,1
WSM,41,1
STP,41,1
SAU,41,1
SEN,41,1
SRB,41,1
SLE,41,1
SGP,41,1
SVK,41,1
SVN,41,1
SLB,41,1
SOM,41,1
ZAF,41,1
SSD,41,1
ESP,41,1
LKA,41,1
SDN,41,1
SUR,41,1
SWE,41,1
CHE,41,1
SYR,41,1
TJK,41,1
TZA,41,1
THA,41,1
NLD,41,1
GMB,41,1
TLS,41,1
TGO,41,1
TTO,41,1
TUN,41,1
TUR,41,1
TKM,41,1
UGA,41,1
UKR,41,1
ARE,41,1
GBR,41,1
URY,41,1
UZB,41,1
VUT,41,1
VEN,41,1
VNM,41,1
YEM,41,1
ZMB,41,1
ZWE,41,1
USA,42,1
AFG,42,1
ALB,42,1
DZA,42,1
AGO,42,1
ARG,42,1
ARM,42,1
AUS,42,1
AUT,42,1
AZE,42,1
BHS,42,1
BHR,42,1
BGD,42,1
BRB,42,1
BLR,42,1
BEL,42,1
BLZ,42,1
BEN,42,1
BTN,42,1
BOL,42,1
BIH,42,1
BWA,42,1
BRA,42,1
BRN,42,1
BGR,42,1
BFA,42,1
BDI,42,1
CPV,42,1
KHM,42,1
CMR,42,1
CAN,42,1
CAF,42,1
TCD,42,1
CHL,42,1
CHN,42,1
COL,42,1
COM,42,1
COD,42,1
COG,42,1
CRI,42,1
CIV,42,1
HRV,42,1
CUB,42,1
CYP,42,1
CZE,42,1
DNK,42,1
DJI,42,1
DOM,42,1
ECU,42,1
EGY,42,1
SLV,42,1
GNQ,42,1
ERI,42,1
EST,42,1
SWZ,42,1
ETH,42,1
FJI,42,1
FIN,42,1
FRA,42,1
GUF,42,1
PYF,42,1
GAB,42,1
GEO,42,1
DEU,42,1
GHA,42,1
GRC,42,1
GUM,42,1
GTM,42,1
GIN,42,1
GNB,42,1
GUY,42,1
HTI,42,1
HND,42,1
HUN,42,1
ISL,42,1
IND,42,1
IDN,42,1
IRN,42,1
IRQ,42,1
IRL,42,1
ISR,42,1
ITA,42,1
JAM,42,1
JPN,42,1
JOR,42,1
KAZ,42,1
KEN,42,1
PRK,42,1
KOR,42,1
KWT,42,1
KGZ,42,1
LAO,42,1
LVA,42,1
LBN,42,1
LSO,42,1
LBR,42,1
LBY,42,1
LTU,42,1
LUX,42,1
MDG,42,1
MWI,42,1
MYS,42,1
MDV,42,1
MLI,42,1
MLT,42,1
MRT,42,1
MUS,42,1
MEX,42,1
MNG,42,1
MNE,42,1
MAR,42,1
MOZ,42,1
MMR,42,1
NAM,42,1
NPL,42,1
NZL,42,1
NIC,42,1
NER,42,1
NGA,42,1
MKD,42,1
NOR,42,1
OMN,42,1
PAK,42,1
PAN,42,1
PNG,42,1
PRY,42,1
PER,42,1
PHL,42,1
POL,42,1
PRT,42,1
QAT,42,1
MDA,42,1
ROU,42,1
RUS,42,1
RWA,42,1
LCA,42,1
WSM,42,1
STP,42,1
SAU,42,1
SEN,42,1
SRB,42,1
SLE,42,1
SGP,42,1
SVK,42,1
SVN,42,1
SLB,42,1
SOM,42,1
ZAF,42,1
SSD,42,1
ESP,42,1
LKA,42,1
SDN,42,1
SUR,42,1
SWE,42,1
CHE,42,1
SYR,42,1
TJK,42,1
TZA,42,1
THA,42,1
NLD,42,1
GMB,42,1
TLS,42,1
TGO,42,1
TTO,42,1
TUN,42,1
TUR,42,1
TKM,42,1
UGA,42,1
UKR,42,1
ARE,42,1
GBR,42,1
URY,42,1
UZB,42,1
VUT,42,1
VEN,42,1
VNM,42,0
YEM,42,1
ZMB,42,1
ZWE,42,1
USA,43,1
AFG,43,1
ALB,43,1
DZA,43,1
AGO,43,1
ARG,43,1
ARM,43,1
AUS,43,1
AUT,43,1
AZE,43,1
BHS,43,1
BHR,43,1
BGD,43,1
BRB,43,1
BLR,43,1
BEL,43,1
BLZ,43,1
BEN,43,1
BTN,43,1
BOL,43,1
BIH,43,1
BWA,43,1
BRA,43,1
BRN,43,1
BGR,43,1
BFA,43,1
BDI,43,1
CPV,43,1
KHM,43,1
CMR,43,1
CAN,43,1
CAF,43,1
TCD,43,1
CHL,43,1
CHN,43,1
COL,43,1
COM,43,1
COD,43,1
COG,43,1
CRI,43,1
CIV,43,1
HRV,43,1
CUB,43,1
CYP,43,1
CZE,43,1
DNK,43,1
DJI,43,1
DOM,43,1
ECU,43,1
EGY,43,1
SLV,43,1
GNQ,43,1
ERI,43,1
EST,43,1
SWZ,43,1
ETH,43,1
FJI,43,1
FIN,43,1
FRA,43,1
GUF,43,1
PYF,43,1
GAB,43,1
GEO,43,1
DEU,43,1
GHA,43,1
GRC,43,1
GUM,43,1
GTM,43,1
GIN,43,1
GNB,43,1
GUY,43,1
HTI,43,1
HND,43,1
HUN,43,1
ISL,43,1
IND,43,1
IDN,43,1
IRN,43,1
IRQ,43,1
IRL,43,1
ISR,43,1
ITA,43,1
JAM,43,1
JPN,43,1
JOR,43,1
KAZ,43,1
KEN,43,1
PRK,43,1
KOR,43,1
KWT,43,1
KGZ,43,1
LAO,43,1
LVA,43,1
LBN,43,1
LSO,43,1
LBR,43,1
LBY,43,1
LTU,43,1
LUX,43,1
MDG,43,1
MWI,43,1
MYS,43,1
MDV,43,1
MLI,43,1
MLT,43,1
MRT,43,1
MUS,43,1
MEX,43,1
MNG,43,0
MNE,43,1
MAR,43,1
MOZ,43,1
MMR,43,1
NAM,43,1
NPL,43,1
NZL,43,1
NIC,43,1
NER,43,1
NGA,43,1
MKD,43,1
NOR,43,1
OMN,43,1
PAK,43,1
PAN,43,1
PNG,43,1
PRY,43,1
PER,43,1
PHL,43,1
POL,43,1
PRT,43,1
QAT,43,1
MDA,43,1
ROU,43,1
RUS,43,1
RWA,43,1
LCA,43,1
WSM,43,1
STP,43,1
SAU,43,1
SEN,43,1
SRB,43,1
SLE,43,1
SGP,43,1
SVK,43,1
SVN,43,1
SLB,43,1
SOM,43,1
ZAF,43,1
SSD,43,1
ESP,43,1
LKA,43,1
SDN,43,1
SUR,43,1
SWE,43,1
CHE,43,1
SYR,43,1
TJK,43,1
TZA,43,1
THA,43,1
NLD,43,1
GMB,43,1
TLS,43,1
TGO,43,1
TTO,43,1
TUN,43,1
TUR,43,1
TKM,43,1
UGA,43,1
UKR,43,1
ARE,43,1
GBR,43,1
URY,43,1
UZB,43,1
VUT,43,1
VEN,43,1
VNM,43,1
YEM,43,1
ZMB,43,1
ZWE,43,1
USA,44,1
AFG,44,1
ALB,44,1
DZA,44,1
AGO,44,1
ARG,44,1
ARM,44,1
AUS,44,1
AUT,44,1
AZE,44,1
BHS,44,1
BHR,44,1
BGD,44,1
BRB,44,1
BLR,44,1
BEL,44,1
BLZ,44,1
BEN,44,1
BTN,44,1
BOL,44,1
BIH,44,1
BWA,44,1
BRA,44,1
BRN,44,1
BGR,44,1
BFA,44,1
BDI,44,1
CPV,44,1
KHM,44,1
CMR,44,1
CAN,44,1
CAF,44,1
TCD,44,1
CHL,44,1
CHN,44,1
COL,44,1
COM,44,1
COD,44,1
COG,44,1
CRI,44,1
CIV,44,1
HRV,44,1
CUB,44,1
CYP,44,1
CZE,44,1
DNK,44,1
DJI,44,1
DOM,44,1
ECU,44,1
EGY,44,1
SLV,44,1
GNQ,44,1
ERI,44,1
EST,44,1
SWZ,44,1
ETH,44,1
FJI,44,1
FIN,44,1
FRA,44,1
GUF,44,1
PYF,44,1
GAB,44,1
GEO,44,1
DEU,44,1
GHA,44,1
GRC,44,1
GUM,44,1
GTM,44,1
GIN,44,1
GNB,44,1
GUY,44,1
HTI,44,1
HND,44,1
HUN,44,1
ISL,44,1
IND,44,1
IDN,44,1
IRN,44,1
IRQ,44,1
IRL,44,1
ISR,44,1
ITA,44,1
JAM,44,1
JPN,44,1
JOR,44,1
KAZ,44,1
KEN,44,1
PRK,44,1
KOR,44,1
KWT,44,1
KGZ,44,1
LAO,44,1
LVA,44,1
LBN,44,1
LSO,44,1
LBR,44,1
LBY,44,1
LTU,44,1
LUX,44,1
MDG,44,1
MWI,44,1
MYS,44,1
MDV,44,1
MLI,44,1
MLT,44,1
MRT,44,1
MUS,44,1
MEX,44,1
MNG,44,0
MNE,44,1
MAR,44,1
MOZ,44,1
MMR,44,1
NAM,44,1
NPL,44,1
NZL,44,1
NIC,44,1
NER,44,1
NGA,44,1
MKD,44,1
NOR,44,1
OMN,44,1
PAK,44,0
PAN,44,1
PNG,44,1
PRY,44,1
PER,44,1
PHL,44,1
POL,44,1
PRT,44,1
QAT,44,1
MDA,44,1
ROU,44,1
RUS,44,1
RWA,44,1
LCA,44,1
WSM,44,1
STP,44,1
SAU,44,1
SEN,44,1
SRB,44,1
SLE,44,1
SGP,44,1
SVK,44,1
SVN,44,1
SLB,44,1
SOM,44,0
ZAF,44,1
SSD,44,1
ESP,44,1
LKA,44,1
SDN,44,1
SUR,44,1
SWE,44,1
CHE,44,1
SYR,44,1
TJK,44,1
TZA,44,1
THA,44,1
NLD,44,1
GMB,44,1
TLS,44,1
TGO,44,1
TTO,44,1
TUN,44,1
TUR,44,1
TKM,44,1
UGA,44,1
UKR,44,1
ARE,44,1
GBR,44,1
URY,44,1
UZB,44,1
VUT,44,1
VEN,44,1
VNM,44,1
YEM,44,1
ZMB,44,1
ZWE,44,1
USA,45,1
AFG,45,1
ALB,45,1
DZA,45,1
AGO,45,1
ARG,45,1
ARM,45,1
AUS,45,1
AUT,45,1
AZE,45,1
BHS,45,1
BHR,45,1
BGD,45,1
BRB,45,1
BLR,45,1
BEL,45,1
BLZ,45,1
BEN,45,1
BTN,45,1
BOL,45,1
BIH,45,1
BWA,45,1
BRA,45,1
BRN,45,1
BGR,45,1
BFA,45,1
BDI,45,1
CPV,45,1
KHM,45,1
CMR,45,1
CAN,45,1
CAF,45,1
TCD,45,1
CHL,45,1
CHN,45,1
COL,45,1
COM,45,1
COD,45,1
COG,45,1
CRI,45,1
CIV,45,1
HRV,45,1
CUB,45,1
CYP,45,1
CZE,45,1
DNK,45,1
DJI,45,1
DOM,45,1
ECU,45,1
EGY,45,1
SLV,45,1
GNQ,45,1
ERI,45,1
EST,45,1
SWZ,45,1
ETH,45,1
FJI,45,1
FIN,45,1
FRA,45,1
GUF,45,1
PYF,45,1
GAB,45,1
GEO,45,1
DEU,45,1
GHA,45,1
GRC,45,1
GUM,45,1
GTM,45,1
GIN,45,1
GNB,45,1
GUY,45,1
HTI,45,1
HND,45,1
HUN,45,1
ISL,45,1
IND,45,1
IDN,45,1
IRN,45,1
IRQ,45,1
IRL,45,1
ISR,45,1
ITA,45,1
JAM,45,1
JPN,45,1
JOR,45,1
KAZ,45,1
KEN,45,1
PRK,45,1
KOR,45,1
KWT,45,1
KGZ,45,1
LAO,45,1
LVA,45,1
LBN,45,1
LSO,45,1
LBR,45,1
LBY,45,1
LTU,45,1
LUX,45,1
MDG,45,1
MWI,45,1
MYS,45,1
MDV,45,1
MLI,45,1
MLT,45,1
MRT,45,1
MUS,45,1
MEX,45,1
MNG,45,1
MNE,45,1
MAR,45,1
MOZ,45,1
MMR,45,1
NAM,45,1
NPL,45,1
NZL,45,1
NIC,45,1
NER,45,1
NGA,45,1
MKD,45,1
NOR,45,1
OMN,45,1
PAK,45,1
PAN,45,1
PNG,45,1
PRY,45,1
PER,45,1
PHL,45,1
POL,45,1
PRT,45,1
QAT,45,1
MDA,45,1
ROU,45,1
RUS,45,1
RWA,45,1
LCA,45,1
WSM,45,1
STP,45,1
SAU,45,1
SEN,45,1
SRB,45,1
SLE,45,1
SGP,45,1
SVK,45,1
SVN,45,1
SLB,45,1
SOM,45,1
ZAF,45,1
SSD,45,1
ESP,45,1
LKA,45,1
SDN,45,1
SUR,45,1
SWE,45,1
CHE,45,1
SYR,45,1
TJK,45,1
TZA,45,1
THA,45,1
NLD,45,1
GMB,45,1
TLS,45,1
TGO,45,1
TTO,45,1
TUN,45,1
TUR,45,1
TKM,45,1
UGA,45,1
UKR,45,1
ARE,45,1
GBR,45,1
URY,45,1
UZB,45,1
VUT,45,1
VEN,45,1
VNM,45,1
YEM,45,1
ZMB,45,1
ZWE,45,1
USA,46,1
AFG,46,1
ALB,46,1
DZA,46,1
AGO,46,1
ARG,46,1
ARM,46,1
AUS,46,1
AUT,46,1
AZE,46,1
BHS,46,1
BHR,46,1
BGD,46,1
BRB,46,1
BLR,46,1
BEL,46,1
BLZ,46,1
BEN,46,1
BTN,46,1
BOL,46,1
BIH,46,1
BWA,46,1
BRA,46,1
BRN,46,1
BGR,46,1
BFA,46,1
BDI,46,1
CPV,46,1
KHM,46,1
CMR,46,1
CAN,46,1
CAF,46,1
TCD,46,1
CHL,46,1
CHN,46,1
COL,46,1
COM,46,1
COD,46,1
COG,46,1
CRI,46,1
CIV,46,1
HRV,46,1
CUB,46,1
CYP,46,1
CZE,46,1
DNK,46,1
DJI,46,1
DOM,46,1
ECU,46,1
EGY,46,1
SLV,46,1
GNQ,46,1
ERI,46,1
EST,46,1
SWZ,46,1
ETH,46,1
FJI,46,1
FIN,46,1
FRA,46,1
GUF,46,1
PYF,46,1
GAB,46,1
GEO,46,1
DEU,46,1
GHA,46,1
GRC,46,1
GUM,46,1
GTM,46,1
GIN,46,1
GNB,46,1
GUY,46,1
HTI,46,1
HND,46,1
HUN,46,1
ISL,46,1
IND,46,1
IDN,46,1
IRN,46,1
IRQ,46,1
IRL,46,1
ISR,46,1
ITA,46,1
JAM,46,1
JPN,46,1
JOR,46,1
KAZ,46,1
KEN,46,1
PRK,46,1
KOR,46,1
KWT,46,1
KGZ,46,1
LAO,46,1
LVA,46,1
LBN,46,1
LSO,46,1
LBR,46,1
LBY,46,1
LTU,46,1
LUX,46,1
MDG,46,1
MWI,46,1
MYS,46,1
MDV,46,1
MLI,46,1
MLT,46,1
MRT,46,1
MUS,46,1
MEX,46,1
MNG,46,1
MNE,46,1
MAR,46,1
MOZ,46,1
MMR,46,1
NAM,46,1
NPL,46,1
NZL,46,1
NIC,46,1
NER,46,1
NGA,46,1
MKD,46,1
NOR,46,1
OMN,46,1
PAK,46,1
PAN,46,1
PNG,46,1
PRY,46,1
PER,46,1
PHL,46,1
POL,46,1
PRT,46,1
QAT,46,1
MDA,46,1
ROU,46,1
RUS,46,1
RWA,46,1
LCA,46,1
WSM,46,1
STP,46,1
SAU,46,1
SEN,46,1
SRB,46,1
SLE,46,1
SGP,46,1
SVK,46,1
SVN,46,1
SLB,46,1
SOM,46,1
ZAF,46,1
SSD,46,1
ESP,46,1
LKA,46,1
SDN,46,1
SUR,46,1
SWE,46,1
CHE,46,1
SYR,46,1
TJK,46,1
TZA,46,1
THA,46,1
NLD,46,1
GMB,46,1
TLS,46,1
TGO,46,1
TTO,46,1
TUN,46,1
TUR,46,1
TKM,46,1
UGA,46,1
UKR,46,1
ARE,46,1
GBR,46,1
URY,46,1
UZB,46,1
VUT,46,1
VEN,46,1
VNM,46,1
YEM,46,1
ZMB,46,1
ZWE,46,1
USA,47,1
AFG,47,1
ALB,47,1
DZA,47,1
AGO,47,1
ARG,47,1
ARM,47,1
AUS,47,1
AUT,47,1
AZE,47,1
BHS,47,1
BHR,47,1
BGD,47,1
BRB,47,1
BLR,47,1
BEL,47,1
BLZ,47,1
BEN,47,1
BTN,47,1
BOL,47,1
BIH,47,1
BWA,47,1
BRA,47,1
BRN,47,1
BGR,47,1
BFA,47,1
BDI,47,1
CPV,47,1
KHM,47,1
CMR,47,1
CAN,47,1
CAF,47,1
TCD,47,1
CHL,47,1
CHN,47,1
COL,47,1
COM,47,1
COD,47,1
COG,47,1
CRI,47,1
CIV,47,1
HRV,47,1
CUB,47,1
CYP,47,1
CZE,47,1
DNK,47,1
DJI,47,1
DOM,47,1
ECU,47,1
EGY,47,1
SLV,47,1
GNQ,47,1
ERI,47,1
EST,47,1
SWZ,47,1
ETH,47,1
FJI,47,1
FIN,47,1
FRA,47,1
GUF,47,1
PYF,47,1
GAB,47,1
GEO,47,1
DEU,47,1
GHA,47,1
GRC,47,1
GUM,47,1
GTM,47,1
GIN,47,1
GNB,47,1
GUY,47,1
HTI,47,1
HND,47,1
HUN,47,1
ISL,47,1
IND,47,1
IDN,47,1
IRN,47,1
IRQ,47,1
IRL,47,1
ISR,47,1
ITA,47,1
JAM,47,1
JPN,47,1
JOR,47,1
KAZ,47,1
KEN,47,1
PRK,47,1
KOR,47,1
KWT,47,1
KGZ,47,1
LAO,47,1
LVA,47,1
LBN,47,1
LSO,47,1
LBR,47,1
LBY,47,1
LTU,47,1
LUX,47,1
MDG,47,1
MWI,47,1
MYS,47,1
MDV,47,1
MLI,47,1
MLT,47,1
MRT,47,1
MUS,47,1
MEX,47,1
MNG,47,0
MNE,47,1
MAR,47,1
MOZ,47,1
MMR,47,1
NAM,47,1
NPL,47,1
NZL,47,1
NIC,47,1
NER,47,1
NGA,47,1
MKD,47,1
NOR,47,1
OMN,47,1
PAK,47,1
PAN,47,1
PNG,47,1
PRY,47,1
PER,47,1
PHL,47,1
POL,47,1
PRT,47,1
QAT,47,1
MDA,47,1
ROU,47,1
RUS,47,1
RWA,47,1
LCA,47,1
WSM,47,1
STP,47,1
SAU,47,1
SEN,47,1
SRB,47,1
SLE,47,1
SGP,47,1
SVK,47,1
SVN,47,1
SLB,47,1
SOM,47,1
ZAF,47,1
SSD,47,1
ESP,47,1
LKA,47,1
SDN,47,1
SUR,47,1
SWE,47,1
CHE,47,1
SYR,47,1
TJK,47,1
TZA,47,1
THA,47,1
NLD,47,1
GMB,47,1
TLS,47,1
TGO,47,1
TTO,47,1
TUN,47,1
TUR,47,1
TKM,47,1
UGA,47,1
UKR,47,1
ARE,47,1
GBR,47,1
URY,47,1
UZB,47,1
VUT,47,1
VEN,47,1
VNM,47,0
YEM,47,1
ZMB,47,1
ZWE,47,1
USA,48,1
AFG,48,1
ALB,48,1
DZA,48,1
AGO,48,1
ARG,48,1
ARM,48,1
AUS,48,1
AUT,48,1
AZE,48,1
BHS,48,1
BHR,48,1
BGD,48,1
BRB,48,1
BLR,48,1
BEL,48,1
BLZ,48,1
BEN,48,1
BTN,48,1
BOL,48,1
BIH,48,1
BWA,48,1
BRA,48,1
BRN,48,1
BGR,48,1
BFA,48,1
BDI,48,1
CPV,48,1
KHM,48,1
CMR,48,1
CAN,48,1
CAF,48,1
TCD,48,1
CHL,48,1
CHN,48,1
COL,48,1
COM,48,1
COD,48,1
COG,48,1
CRI,48,1
CIV,48,1
HRV,48,1
CUB,48,1
CYP,48,1
CZE,48,1
DNK,48,1
DJI,48,1
DOM,48,1
ECU,48,1
EGY,48,1
SLV,48,1
GNQ,48,1
ERI,48,1
EST,48,1
SWZ,48,1
ETH,48,1
FJI,48,1
FIN,48,1
FRA,48,1
GUF,48,1
PYF,48,1
GAB,48,1
GEO,48,1
DEU,48,1
GHA,48,1
GRC,48,1
GUM,48,1
GTM,48,1
GIN,48,1
GNB,48,1
GUY,48,1
HTI,48,1
HND,48,1
HUN,48,1
ISL,48,1
IND,48,1
IDN,48,1
IRN,48,1
IRQ,48,1
IRL,48,1
ISR,48,1
ITA,48,1
JAM,48,1
JPN,48,1
JOR,48,1
KAZ,48,1
KEN,48,1
PRK,48,1
KOR,48,1
KWT,48,1
KGZ,48,1
LAO,48,1
LVA,48,1
LBN,48,1
LSO,48,1
LBR,48,1
LBY,48,1
LTU,48,1
LUX,48,1
MDG,48,1
MWI,48,1
MYS,48,1
MDV,48,1
MLI,48,1
MLT,48,1
MRT,48,1
MUS,48,1
MEX,48,1
MNG,48,1
MNE,48,1
MAR,48,1
MOZ,48,1
MMR,48,1
NAM,48,1
NPL,48,1
NZL,48,1
NIC,48,1
NER,48,1
NGA,48,1
MKD,48,1
NOR,48,1
OMN,48,1
PAK,48,1
PAN,48,1
PNG,48,1
PRY,48,1
PER,48,1
PHL,48,1
POL,48,1
PRT,48,1
QAT,48,1
MDA,48,1
ROU,48,1
RUS,48,1
RWA,48,1
LCA,48,1
WSM,48,1
STP,48,1
SAU,48,1
SEN,48,1
SRB,48,1
SLE,48,1
SGP,48,1
SVK,48,1
SVN,48,1
SLB,48,1
SOM,48,1
ZAF,48,1
SSD,48,1
ESP,48,1
LKA,48,1
SDN,48,1
SUR,48,1
SWE,48,1
CHE,48,1
SYR,48,1
TJK,48,1
TZA,48,1
THA,48,1
NLD,48,1
GMB,48,1
TLS,48,1
TGO,48,1
TTO,48,1
TUN,48,1
TUR,48,1
TKM,48,1
UGA,48,1
UKR,48,1
ARE,48,1
GBR,48,1
URY,48,1
UZB,48,1
VUT,48,1
VEN,48,1
VNM,48,1
YEM,48,1
ZMB,48,1
ZWE,48,1
USA,49,1
AFG,49,1
ALB,49,1
DZA,49,1
AGO,49,1
ARG,49,1
ARM,49,1
AUS,49,1
AUT,49,1
AZE,49,1
BHS,49,1
BHR,49,1
BGD,49,1
BRB,49,1
BLR,49,1
BEL,49,1
BLZ,49,1
BEN,49,1
BTN,49,1
BOL,49,1
BIH,49,1
BWA,49,1
BRA,49,1
BRN,49,1
BGR,49,1
BFA,49,1
BDI,49,1
CPV,49,1
KHM,49,1
CMR,49,1
CAN,49,1
CAF,49,1
TCD,49,1
CHL,49,1
CHN,49,1
COL,49,1
COM,49,1
COD,49,1
COG,49,1
CRI,49,1
CIV,49,1
HRV,49,1
CUB,49,1
CYP,49,1
CZE,49,1
DNK,49,1
DJI,49,1
DOM,49,1
ECU,49,1
EGY,49,1
SLV,49,1
GNQ,49,1
ERI,49,1
EST,49,1
SWZ,49,1
ETH,49,1
FJI,49,1
FIN,49,1
FRA,49,1
GUF,49,1
PYF,49,1
GAB,49,1
GEO,49,1
DEU,49,1
GHA,49,1
GRC,49,1
GUM,49,1
GTM,49,1
GIN,49,1
GNB,49,1
GUY,49,1
HTI,49,1
HND,49,1
HUN,49,1
ISL,49,1
IND,49,1
IDN,49,1
IRN,49,1
IRQ,49,1
IRL,49,1
ISR,49,1
ITA,49,1
JAM,49,1
JPN,49,1
JOR,49,1
KAZ,49,1
KEN,49,1
PRK,49,1
KOR,49,1
KWT,49,1
KGZ,49,1
LAO,49,1
LVA,49,1
LBN,49,1
LSO,49,1
LBR,49,1
LBY,49,1
LTU,49,1
LUX,49,1
MDG,49,1
MWI,49,1
MYS,49,1
MDV,49,1
MLI,49,1
MLT,49,1
MRT,49,1
MUS,49,1
MEX,49,1
MNG,49,1
MNE,49,1
MAR,49,1
MOZ,49,1
MMR,49,1
NAM,49,1
NPL,49,1
NZL,49,1
NIC,49,1
NER,49,1
NGA,49,1
MKD,49,1
NOR,49,1
OMN,49,1
PAK,49,1
PAN,49,1
PNG,49,1
PRY,49,1
PER,49,1
PHL,49,1
POL,49,1
PRT,49,1
QAT,49,1
MDA,49,1
ROU,49,1
RUS,49,1
RWA,49,1
LCA,49,1
WSM,49,1
STP,49,1
SAU,49,1
SEN,49,1
SRB,49,1
SLE,49,1
SGP,49,1
SVK,49,1
SVN,49,1
SLB,49,1
SOM,49,1
ZAF,49,1
SSD,49,1
ESP,49,1
LKA,49,1
SDN,49,1
SUR,49,1
SWE,49,1
CHE,49,1
SYR,49,1
TJK,49,1
TZA,49,1
THA,49,1
NLD,49,1
GMB,49,1
TLS,49,1
TGO,49,1
TTO,49,1
TUN,49,1
TUR,49,1
TKM,49,1
UGA,49,1
UKR,49,1
ARE,49,1
GBR,49,1
URY,49,1
UZB,49,1
VUT,49,1
VEN,49,1
VNM,49,1
YEM,49,1
ZMB,49,1
ZWE,49,1
